customer_id,age,income,customer_tenure,previous_purchases,average_order_value,website_visits,email_open_rate,discount_usage,recency_days,treatment,purchase_outcome,revenue,true_prob_y0,true_prob_y1,true_ite
C000524,33,73045.84479576618,19,0,89.24633479489567,0,0.12162662685201575,0.4829426507642988,31,0,0,0.0,0.04660267310850479,0.19613230120705907,0.14952962809855427
C000603,53,72625.22318900931,21,5,68.84331081892347,13,0.10090893835202436,0.5225497654660383,214,0,0,0.0,0.024247683945741623,0.14985607397659842,0.1256083900308568
C000527,65,101404.84994866572,59,5,81.13306137872868,16,0.40802319999331466,0.0869773769599339,343,1,0,0.0,0.01599163197704037,0.0,-0.01599163197704037
C000032,44,38113.278222773304,3,0,79.65542616407323,1,0.23415189414427381,0.15443191824367836,221,0,0,0.0,0.017255536064664713,0.09671349666689924,0.07945796060223453
C000617,41,,17,5,86.52677593512054,9,0.22178893031626892,0.06356857057008626,268,1,0,0.0,0.020815779745183133,0.10214689655429614,0.08133111680911301
C000586,25,107206.61522394502,2,1,76.57090878519537,2,0.06673931004552998,0.6120558123617555,305,0,0,0.0,0.013531870265812942,0.17486366205608161,0.16133179179026869
C000445,19,45371.47658661398,52,6,96.53739096392762,11,0.3279392716700092,0.008143144387526648,283,1,0,0.0,0.018515495725272214,0.08887603765431744,0.07036054192904523
C000733,50,51773.048937019455,46,1,91.71966814850558,3,0.37017307264000804,0.3706459900438712,125,0,0,0.0,0.03283277620066063,0.12908212236419214,0.09624934616353151
C000077,61,73081.16212019736,11,2,65.05601807892633,6,0.2130822118162433,0.2692735063657262,12,1,0,0.0,0.058549491855534,0.010269164130899552,-0.04828032772463445
C000412,59,107661.53355356559,28,3,67.38278983766003,9,0.1017718149988387,0.037514910186450305,287,1,0,0.0,0.016614584632516242,0.07094389165228014,0.0543293070197639
C000569,50,43884.5890374738,56,9,91.47129668339986,23,0.274091192381732,0.13197183500952528,13,1,1,82.2992297200496,0.07557500135096018,0.1614017987787737,0.08582679742781352
C000071,23,107580.08995917678,52,8,76.91219606493078,17,0.30997072660513103,0.11010842265438613,261,0,0,0.0,0.026680689922133703,0.11088334864063112,0.08420265871849741
C000676,26,185038.2323159705,26,2,101.34619706979106,11,0.06011830839518508,0.2597415234415671,303,1,0,0.0,0.015934075627002862,0.11548411914467457,0.09955004351767172
C000102,18,186735.0918031388,50,7,134.29959471884706,17,0.4851298169282257,0.20422596172171015,277,1,0,0.0,0.02850098811340949,0.1321304440664501,0.10362945595304061
C000895,50,,49,3,100.31908805046044,3,0.3034097554191275,0.3444387407473034,272,1,0,0.0,0.016484090916295106,0.16537066261268732,0.14888657169639222
C000926,33,127104.72947955532,27,2,30.218088598324854,2,0.10483513092782487,0.1743089715648664,94,0,0,0.0,0.041847104457112115,0.1248106264441585,0.08296352198704637
C000630,66,66890.77055594361,46,4,85.24363923851038,14,0.18644967094912626,0.3025082560468467,109,0,0,0.0,0.03940850551288524,0.0,-0.03940850551288524
C000300,54,30774.06786388019,41,6,129.21715359979686,15,0.19214575405424925,0.6830712954642326,7,1,1,122.39693545115634,0.06088236162984209,0.2316639033260981,0.170781541696256
C000925,28,29471.957819063726,43,3,150.7698916203165,6,0.023036281931542214,0.09993178811499215,128,1,1,161.4787145420312,0.02700915962895612,0.10028646848296094,0.07327730885400482
C000425,52,30399.206063294507,44,5,104.1649624815344,9,0.2343275304118965,0.27892601424854657,7,0,0,0.0,0.05911381445385358,0.2003690946849089,0.14125528023105532
C000097,62,28647.07773935495,16,4,91.45262956367606,6,0.050957022111332,0.36235657624067485,28,1,0,0.0,0.04626872060164815,0.015875506150255007,-0.03039321445139314
C000901,34,176443.1395339116,48,6,133.54549051452125,12,0.1823673777249954,0.26240491954012357,125,1,0,0.0,0.04826310730675384,0.16668817046297668,0.11842506315622284
C000261,46,43900.91985920571,48,5,49.721769427026956,11,0.12360110257346968,0.39275486198376874,136,0,0,0.0,0.03247668752644804,0.13084866875170953,0.09837198122526149
C000351,39,36316.57246584233,2,1,33.13635201921251,5,0.5813491492464614,0.05404349917039582,282,1,1,34.654542946650096,0.015777374594988035,0.11868642884529909,0.10290905425031105
C000529,56,115936.38030856808,49,6,115.52011884050921,8,0.14294447901029406,0.5492617016529849,17,1,0,0.0,0.07274124907960745,0.22516696497660982,0.15242571589700238
C000695,25,25735.366006279426,13,3,115.65073778742949,9,0.3173512757194442,0.2273404705844862,271,0,0,0.0,0.01508052467416448,0.1299647779314117,0.11488425325724722
C000362,38,72642.44808342315,33,3,80.79043722461753,16,0.2566986002271674,0.10723852189281477,362,0,0,0.0,0.011464770145876744,0.08908334042222883,0.07761857027635209
C000612,53,61578.79074259159,53,5,47.78896523156544,6,0.24223576954097367,0.3251690916319386,282,1,0,0.0,0.018035321195944216,0.13613296015396717,0.11809763895802296
C000885,67,59186.429989686745,29,3,94.99486265785718,10,0.331790569565679,0.022429847648191243,317,0,0,0.0,0.01426792105768593,0.0,-0.01426792105768593
C000721,45,63783.42202632949,51,8,72.58619945249436,17,0.2975478614690922,0.19365063549941886,39,1,1,73.64120695045715,0.06929742513548962,0.18151578468598772,0.11221835955049811
C000487,43,58807.2758914475,47,5,129.1873321110471,10,0.3156627654596394,0.06458339756706451,219,0,0,0.0,0.02521642016037116,0.1497243266614647,0.12450790650109354
C000694,36,52143.89058602107,49,6,56.425048087369085,17,0.2731353312850216,0.17182782619229525,70,0,0,0.0,0.05190519944582748,0.1484307207359691,0.09652552129014164
C000679,34,20000.0,19,2,89.04452151118797,4,0.1894531325831319,0.44838245550627337,318,0,0,0.0,0.010165565837859741,0.16295271913485618,0.15278715329699644
C000810,64,200000.0,29,3,88.19361040380437,6,0.2885329397920674,0.3559344667571571,349,0,0,0.0,0.015165139126778353,0.0,-0.015165139126778353
C000409,40,90430.86651059633,26,3,162.2133604840985,7,0.16290094046956946,0.502226220897365,237,1,0,0.0,0.021143821288056915,0.17823048574568312,0.1570866644576262
C000741,38,82370.96453651864,8,1,52.61117642334472,3,0.37724232445432176,0.21671944724110276,362,0,0,0.0,0.011300574102046006,0.10380152245802364,0.09250094835597764
C000214,41,51396.56505812458,18,6,131.9132195135673,16,0.03784425438896165,0.266147950461267,244,0,0,0.0,0.0199266730183004,0.1104887566885642,0.0905620836702638
C000590,43,76162.17709141433,41,6,119.77924358533983,17,0.22836880255734288,0.036817443712117516,106,0,0,0.0,0.04601646238893177,0.12339247660094188,0.07737601421201011
C000366,64,,8,0,107.92811719185413,1,0.19827674389616312,0.11551005143723046,129,0,0,0.0,0.036664146844474374,0.0,-0.036664146844474374
C000200,56,34117.780702318116,24,4,176.24859540156376,7,0.3794187597443413,0.04399956322318922,196,1,0,0.0,0.024922851381082075,0.11837763635099055,0.09345478496990847
C000637,66,66346.70413243295,29,6,122.18228465849387,19,0.294638826074273,0.33980291795171,167,0,0,0.0,0.03451933843299684,0.03173861564099257,-0.002780722792004274
C000629,34,54543.76254020645,12,1,84.1323249284407,3,0.39760159452636723,0.11845755056590299,311,1,0,0.0,0.013535611410694147,0.1034963939014303,0.08996078249073615
C000829,34,59253.86931926897,49,8,142.37142013278103,12,0.13130936341674526,0.16608283892139955,296,1,0,0.0,0.018335982857107923,0.10944789264470017,0.09111190978759225
C000353,47,58968.42425515928,16,4,122.76832959276013,11,0.06514173990636134,0.16052185868343438,163,1,0,0.0,0.027937959581632726,0.12241234731101917,0.09447438772938645
C000330,19,48157.60323682842,10,3,28.93926379443525,9,0.6226240361423448,0.1572757474325949,254,1,0,0.0,0.021537291032392346,0.1566782855428827,0.13514099451049036
C000982,45,39215.98071874048,21,3,110.53157442864037,7,0.08578162374759936,0.4997202084891581,61,1,0,0.0,0.04067185259698596,0.19233366864864004,0.15166181605165407
C000838,27,54645.06511506134,54,9,105.84788721432935,18,0.38118177834610345,0.41072737875521464,57,0,0,0.0,0.06744334901458152,0.21941739263712162,0.1519740436225401
C000245,28,60555.57441424026,41,5,139.82846354815916,11,0.2145708715435684,0.09079935340019515,238,1,0,0.0,0.02200129868112402,0.15130314785116136,0.12930184917003734
C000287,59,43853.785054614855,46,6,129.441519768251,14,0.3426970133889984,0.22359868806339614,334,1,0,0.0,0.01441616723533929,0.11732821607822308,0.1029120488428838
C000290,33,45291.12849171207,15,0,43.248568330855015,1,0.4022924647298561,0.8532892400037816,190,0,0,0.0,0.022562698067976904,0.28495229582832715,0.26238959776035026
C000599,46,50401.376943827665,35,1,117.04552010021193,2,0.20720542037361092,0.3214690285731297,279,0,0,0.0,0.014205787212877264,0.12751291712042523,0.11330712990754796
C000762,29,36124.31545374191,49,6,114.54072338855225,14,0.21041770091298603,0.14881069650736325,47,0,0,0.0,0.05241109236184416,0.14741620492179588,0.09500511255995173
C000060,61,34106.60753567661,36,5,103.52745041985659,10,0.2363587944781177,0.1355902516211547,144,1,0,0.0,0.03142180993987804,5.4598864412690185e-05,-0.03136721107546535
C000623,30,104421.53943452235,45,5,93.32565600100425,3,0.10927185213736063,0.10022281105408819,193,1,1,84.93467377529376,0.028942306072886982,0.07417371887381383,0.045231412800926844
C000319,57,95917.30991248415,23,3,48.99940696569365,5,0.33295992516884626,0.33787932490854417,363,1,0,0.0,0.012515074600851453,0.1484707101711214,0.13595563557026996
C000011,28,62366.52767858715,26,3,96.42741569511821,6,0.41634013422883975,0.029056116311584553,297,1,0,0.0,0.016583430158415596,0.11292869720273765,0.09634526704432206
C000238,19,58315.72312322845,33,5,62.78219245477797,14,0.1368255313987887,0.03507040551778559,125,0,0,0.0,0.03641017350759936,0.11556686513846684,0.07915669163086747
C000332,33,66196.12658813468,24,2,66.4370151155846,3,0.09857965790031328,0.38534101517467784,148,0,0,0.0,0.028343892116759355,0.14800398273854726,0.1196600906217879
C000706,53,53625.67621419473,21,3,76.29489607424551,5,0.49446696815317726,0.5628899491026773,236,1,0,0.0,0.022559844820852982,0.2175459178018446,0.1949860729809916
C000087,40,23545.82686815042,47,3,75.08135258366065,8,0.45952704435992997,0.14963751159775973,169,0,0,0.0,0.026189673439058064,0.14199127809772694,0.11580160465866887
C000804,62,30837.395263314724,3,5,135.57487596226525,11,0.2565645580578716,0.617305398797273,129,0,0,0.0,0.03345984747353538,0.03868858722107797,0.005228739747542593
C000175,24,60419.33733036928,6,1,74.96713799447058,2,0.3391060436733489,0.16664991834376391,312,1,0,0.0,0.013352756398135462,0.1487360592772803,0.13538330287914485
C000313,69,34946.42910810238,42,5,142.64748570018023,11,0.42351745391265166,0.02337659449462505,143,0,0,0.0,0.034727364200662865,0.00965354088241533,-0.025073823318247535
C000463,61,151057.8778274438,27,5,40.6210509088951,9,0.332030505116947,0.09444773265033089,178,1,0,0.0,0.037224370114780456,0.0,-0.037224370114780456
C000219,69,46200.15032926444,37,5,53.95638012714581,14,0.3889990725558307,0.3268965112685688,172,1,0,0.0,0.03133119688027421,0.026170991018388372,-0.0051602058618858415
C000031,66,53243.22352733181,14,2,122.38745618295697,3,0.2882745276634124,0.7876930986469708,52,0,0,0.0,0.047277317615200896,0.11084561368311341,0.0635682960679125
C000548,33,35979.46214261661,20,6,64.61376824257816,16,0.11118758345706427,0.11733948966665039,206,1,0,0.0,0.023197926328496963,0.06326292527282218,0.04006499894432522
C000665,31,34681.521336147576,1,1,121.86455912978909,5,0.08758608403510441,0.615674396922931,242,0,0,0.0,0.014929557878409784,0.18136940116047146,0.16643984328206168
C000055,19,39022.47958068979,30,6,104.02984300803625,12,0.21301090288949862,0.5168379252448423,292,1,0,0.0,0.016253314492695264,0.20185518358661375,0.1856018690939185
C000024,19,47029.82008156708,45,7,118.22696881364129,12,0.25711633771908127,0.0754290687607609,340,1,1,123.09407411689628,0.014291579717829224,0.09914589056824369,0.08485431085041446
C000257,50,137976.27974169631,21,7,86.81259173313279,13,0.09704833359164552,0.20310340585405887,25,0,0,0.0,0.07422954405408828,0.160604857146168,0.08637531309207973
C000451,39,29088.34597527961,58,6,82.01009036923003,15,0.5600688960571516,0.13043236673027817,300,1,0,0.0,0.0174930693812423,0.14078140864128957,0.12328833926004727
C000004,32,29465.429871951,47,9,67.06034297740608,19,0.30811906339770134,0.026843500535022186,50,1,0,0.0,0.059990626167458524,0.13434448862539022,0.0743538624579317
C000834,20,31137.922397335966,57,6,78.94748673607643,11,0.4218356342828369,0.028784871417759303,167,0,0,0.0,0.03171301058623638,0.10868075082103687,0.07696774023480049
C000553,45,47122.53473444761,59,6,145.37592106907653,7,0.16577328860577786,0.17901756479626182,316,0,0,0.0,0.014644066540138995,0.11653562932664313,0.10189156278650413
C000639,29,104282.9135859225,40,6,118.49266314444202,20,0.2187105090817476,0.5058532078827791,28,0,0,0.0,0.07019956642703366,0.23471153645556847,0.1645119700285348
C000478,67,75053.32359914496,20,3,110.10802990432157,6,0.2010550382261163,0.38398962238734496,110,1,0,0.0,0.03848515900677763,0.011698005355677953,-0.02678715365109968
C000957,31,76694.65647168166,22,2,100.35810340544164,1,0.2699572226144365,0.004595614055120024,200,0,0,0.0,0.024615400222198245,0.09154389719460944,0.0669284969724112
C000663,59,55026.15678444624,55,7,115.09780679576517,15,0.12006194019470649,0.3341590714705322,153,0,0,0.0,0.03436285672259924,0.11290020150851711,0.07853734478591787
C000519,47,120786.22898273528,14,3,57.49190774573044,10,0.03923433344020988,0.2782905905839463,283,0,0,0.0,0.01680744606983259,0.09651075012350618,0.0797033040536736
C000961,26,65683.99848561364,41,6,76.2120535018036,12,0.2425000579633629,0.09819571870612068,197,0,0,0.0,0.029052058737145704,0.11412553074347612,0.08507347200633042
C000954,63,69105.51486251899,45,5,60.962421268237065,7,0.28041777274694507,0.3561650110919669,178,0,0,0.0,0.031217272763181217,0.06093133478014767,0.029714062016966455
C000980,31,,46,5,136.28483480934338,11,0.3365157373652211,0.19332064180591196,273,0,0,0.0,0.017417520848003944,0.15763178778881584,0.1402142669408119
C000576,29,107846.51639520447,41,7,103.63981848236882,14,0.04891475682809842,0.5009603707197009,114,0,0,0.0,0.04557257879490614,0.16495107926846742,0.11937850047356127
C000540,48,45037.45875371256,19,2,122.07163933056663,6,0.25655835397017657,0.36547416701014335,109,1,0,0.0,0.03430269505576271,0.1582085904684959,0.12390589541273318
C000216,69,32097.809053754252,3,0,113.59763503857313,0,0.41141204521114433,0.4765032766863417,61,0,0,0.0,0.03962205379566947,0.06150764858205642,0.02188559478638695
C000738,49,,19,4,52.132982613333176,6,0.19567715611812805,0.04638100940143694,78,0,0,0.0,0.055138914513746515,0.13283586032628925,0.07769694581254273
C000999,35,86102.22396609024,35,7,98.57507663635411,15,0.40081535489842207,0.5394825588729892,239,1,0,0.0,0.028308125325963628,0.18589375709305883,0.1575856317670952
C000714,43,74782.35273944662,24,3,118.0281514213518,9,0.4344766394558312,0.01759696865568404,22,1,0,0.0,0.06523799604050132,0.13160195979230474,0.06636396375180342
C000668,52,39285.82976434284,38,4,84.67525543407645,7,0.2404835620686549,0.061330774392003046,257,0,0,0.0,0.017758201512443676,0.08340876578390777,0.0656505642714641
C000040,69,78730.03001311724,56,10,153.75012131570602,23,0.19218975347673076,0.04885803482066496,127,1,0,0.0,0.049826160821402496,0.0,-0.049826160821402496
C000232,40,73252.5177557146,4,3,92.41249681842042,12,0.36288283132037175,0.0933545298206728,42,1,0,0.0,0.05720645074982699,0.18320765234914482,0.12600120159931782
C000495,49,47855.75596899858,46,6,61.2717024902435,15,0.21603503431630539,0.28334744255558725,255,1,0,0.0,0.020317443321981255,0.12836984226343887,0.10805239894145761
C000705,21,36711.896779232615,39,2,106.13243114504242,3,0.2832464571044715,0.5006180023747256,12,1,0,0.0,0.05314302444423397,0.23583838623437642,0.18269536179014245
C000968,65,60641.55296516986,59,3,73.84675777092211,3,0.4451338590052547,0.5505669773241877,338,0,0,0.0,0.013669268316825788,0.0315253815399823,0.017856113223156514
C000067,67,72234.4803379635,49,9,197.20417445910422,12,0.0901600857448863,0.38263685769728223,300,0,0,0.0,0.019239910890236925,0.0,-0.019239910890236925
C000295,19,41711.462632709176,22,1,55.73765796717931,1,0.06767297043451481,0.6732985198503993,20,0,0,0.0,0.045113415037459796,0.21051392345853134,0.16540050842107154
C000068,57,44360.61245533448,55,8,126.85615705055875,14,0.4528186525311798,0.1260110910359624,235,1,1,134.32010578578078,0.027317641227765397,0.1310104353562758,0.1036927941285104
C000480,47,116620.00483906624,8,1,113.16003887674779,3,0.33495255381391276,0.3441993768219689,167,0,0,0.0,0.030824252731049953,0.16119313699276816,0.13036888426171822
C000329,35,54647.78811436918,12,1,130.59329581564864,3,0.24352592119138067,0.21985731870970765,178,0,1,118.87156534538425,0.024116195661264165,0.11329745797213853,0.08918126231087437
C000627,58,43923.9654818432,12,4,126.35360718995318,6,0.251010880296966,0.13302034180613279,43,1,1,108.30757809606095,0.05139716705716714,0.13754849610515682,0.08615132904798968
C000108,61,39107.04576174679,54,5,83.5480258267501,10,0.557714805155968,0.23007823192195753,132,1,0,0.0,0.039914347019286874,0.0,-0.039914347019286874
C000984,31,80530.32039930476,11,3,98.63494433859141,8,0.34979843365924534,0.24396360363568134,181,1,0,0.0,0.029748441531762693,0.14477067492119722,0.11502223338943453
C000347,65,48630.51204053549,42,4,100.81766897081738,11,0.31868201397136686,0.49842945936760086,252,1,0,0.0,0.019719836316368727,0.030800011597256677,0.01108017528088795
C000299,22,65575.03520957394,27,4,102.64707261657846,4,0.07744652112232991,0.5895855597350408,131,1,0,0.0,0.03350302848236806,0.15708775279680212,0.12358472431443407
C000644,24,33824.04248381391,57,6,119.62384006513277,8,0.45037111703859994,0.4397898677943874,364,1,1,122.12645744158749,0.012456417605809815,0.17355259529985909,0.16109617769404927
C000308,20,26150.389767430217,56,8,116.81957558736325,15,0.21177011637580917,0.09906096633001861,338,0,0,0.0,0.013206564394924687,0.12495273091169665,0.11174616651677197
C000855,51,44152.220951043644,28,4,119.78956896331749,6,0.12575326083023716,0.05523461291939053,181,1,0,0.0,0.024916343272994135,0.13720028734458864,0.1122839440715945
C000507,29,53724.142167884005,51,7,80.44577865778874,16,0.06355280420635766,0.26556024981560394,105,1,0,0.0,0.04193255416570129,0.16026810544549314,0.11833555127979184
C000297,65,,28,4,62.08692768338373,7,0.2165833361834095,0.03308012323509588,326,0,0,0.0,0.013483845475490147,0.0,-0.013483845475490147
C000881,56,63696.82679035167,1,0,71.4476658012484,1,0.3394228131277904,0.4492103633186905,128,1,0,0.0,0.03161903533204903,0.1521222097606224,0.12050317442857338
C000667,22,133166.08303791186,23,5,98.94569261785877,15,0.19630476226313812,0.14041813118190008,170,1,0,0.0,0.03536821916027931,0.1266388646673675,0.0912706455070882
C000101,62,82329.99456333113,10,4,55.048930436024925,12,0.19117584447176322,0.22631052999455992,313,1,0,0.0,0.015222073533838967,0.0,-0.015222073533838967
C000089,38,60555.103479128535,15,3,104.9646817936768,15,0.4302107983404544,0.5624964815312747,59,0,0,0.0,0.05257094579243396,0.23326731058692537,0.18069636479449142
C000064,31,40281.68642342044,36,2,82.16950441781186,6,0.28248710275649114,0.09632211148826748,249,1,0,0.0,0.017174908458721615,0.1119751350946351,0.09480022663591348
C000844,26,22345.194327707108,55,7,122.18635621587818,20,0.45647285404908083,0.17017039471700263,205,1,1,111.57903997632283,0.026394618658140835,0.16881890338526656,0.14242428472712573
C000889,32,55029.61705794781,35,2,121.87935449614835,5,0.3684025779453813,0.07368354731278176,345,1,0,0.0,0.011872006474680728,0.1493378221171062,0.13746581564242547
C000140,52,75950.26671775305,57,7,121.85035639208628,17,0.2364145830669214,0.053889300281423705,142,0,0,0.0,0.04077010954354479,0.07197832917635832,0.031208219632813533
C000758,20,135441.91458815645,30,5,96.3847540970231,14,0.027650445492478276,0.02388483006986517,225,1,0,0.0,0.025041247405131122,0.12848324441974054,0.10344199701460942
C000616,49,22092.63334070294,35,2,100.33285660958738,3,0.3023541789566733,0.2300240667556046,323,1,0,0.0,0.010695504350039716,0.1372727703839395,0.1265772660338998
C000500,18,74222.94566337636,17,3,102.48761677928739,6,0.2087062196150189,0.35797413507585296,276,1,1,102.51825315369413,0.01718073030599846,0.13608161334052404,0.11890088303452559
C000666,48,29204.392350523005,8,3,117.77665923786306,9,0.3955962022854179,0.7320074227018776,208,0,0,0.0,0.021886778990945283,0.23693091609925823,0.21504413710831294
C000585,43,31406.152850198352,8,3,114.17672198151467,5,0.42884043317040277,0.6770511853592117,326,1,0,0.0,0.012634818086897247,0.1843676553210768,0.17173283723417954
C000110,41,47252.98558083591,6,1,94.33865200780498,2,0.15163812807336607,0.5114194547786045,195,1,1,101.0732407650772,0.020623551972258024,0.18435079128995369,0.16372723931769567
C000917,60,109349.75604824474,3,0,107.77400965253017,2,0.03635886446926341,0.03602448361050874,230,1,0,0.0,0.018427443888184344,0.0316824575930057,0.013255013704821354
C000651,33,134451.05060131903,28,3,136.53781425923546,2,0.17308474575530663,0.2594360437660341,66,1,0,0.0,0.052370398686104006,0.14380406840065874,0.09143366971455473
C000534,40,66241.02301027365,26,0,58.11364556874903,1,0.3855649209836862,0.1345395227101694,49,1,1,64.02684717448746,0.047608623476400144,0.15566090759921403,0.10805228412281388
C000446,49,72453.9001600305,34,5,52.491761967394076,12,0.14232319863488427,0.4202498339806448,132,0,0,0.0,0.03680391084415142,0.17000538254775263,0.13320147170360122
C000606,26,67608.86690867663,48,4,176.21173293044302,14,0.1475196734552289,0.6732093377734191,185,1,1,188.8637218099725,0.02683368657780265,0.164541974305343,0.13770828772754035
C000137,44,76313.44828176999,35,4,78.56511726090706,1,0.17512695829395855,0.2245998329801507,154,1,0,0.0,0.03236205853014511,0.12279774015634402,0.09043568162619892
C000812,28,91248.80983267228,3,1,132.09740306232916,1,0.28350554756886887,0.079833290885958,131,1,0,0.0,0.03412731836274258,0.12508121622185417,0.0909538978591116
C000515,45,147405.57858998826,34,8,106.83301004214616,16,0.4033884756996151,0.09491883718401112,362,0,0,0.0,0.018126762116883487,0.17614657011700696,0.15801980800012347
C000754,31,136169.8447400964,25,4,97.43175853215637,12,0.1785150331975903,0.13132617117879672,225,0,0,0.0,0.025696539291651502,0.12101032895690889,0.09531378966525739
C000159,56,,22,6,152.98150912156862,14,0.2269835122647468,0.318432563861193,2,0,0,0.0,0.0695500012476586,0.21109690034605838,0.1415468990983998
C000311,50,68726.43958174094,44,10,67.42232412131096,24,0.24190546655152634,0.11146061514117245,25,1,0,0.0,0.08014157076588307,0.14463837650161543,0.06449680573573235
C000328,63,,56,0,99.3596409348276,3,0.551863502372246,0.03178517167259354,296,1,0,0.0,0.013966005021796509,0.0,-0.013966005021796509
C000137,44,76313.44828176999,35,4,78.56511726090706,1,0.17512695829395855,0.2245998329801507,154,1,0,0.0,0.03236205853014511,0.12279774015634402,0.09043568162619892
C000936,46,68623.88840917725,37,7,115.05962972166499,15,0.7174534728998461,0.34394632788433976,80,1,0,0.0,0.06736114212806076,0.22736731397603543,0.16000617184797467
C000255,65,68194.19400807173,1,0,109.48204427204892,3,0.539635274432829,0.15011898984419023,343,0,0,0.0,0.012332414378414591,0.0,-0.012332414378414591
C000276,56,65809.39597236745,59,3,145.82288160640545,6,0.20852418387618257,0.20314930735783407,196,1,0,0.0,0.024824412892220933,0.12237969100562446,0.09755527811340353
C000902,22,44322.26296080279,52,7,135.95927826986392,23,0.5541385003787545,0.18100551349675156,152,1,0,0.0,0.04081485804170591,0.1657817109303424,0.1249668528886365
C000185,61,52818.20661411266,43,5,106.75775360485295,14,0.25880843566701295,0.15236373468869438,144,0,0,0.0,0.0345686033358089,0.0,-0.0345686033358089
C000583,40,50055.08462551162,4,0,116.18205964628224,1,0.2769346350351254,0.17580652549338582,289,1,0,0.0,0.013303800218766593,0.0906416047619781,0.07733780454321151
C000661,56,55663.06208599238,34,3,61.1506783409523,5,0.06450710639740224,0.6022885779103817,37,0,0,0.0,0.04827842780929234,0.16697712070224982,0.11869869289295748
C000897,32,44324.46546116053,38,5,54.27559278861955,13,0.24522309607568796,0.004588531981970265,298,0,0,0.0,0.015650383795992828,0.13880145156488088,0.12315106776888805
C000210,41,107126.401952579,57,5,43.84087283430843,8,0.26296566236247376,0.7635507558771415,280,1,1,47.79556723476427,0.020509991539058574,0.21896455409623675,0.19845456255717817
C000169,32,151233.13849849146,16,6,66.24205330577021,12,0.5353904274392012,0.3548648131190222,104,1,0,0.0,0.06117187680866338,0.22105114227210995,0.15987926546344658
C000867,22,30292.653155960765,54,2,132.11738402734835,9,0.056185316668372766,0.24277144720374608,13,1,1,129.30231841314065,0.04577633233458858,0.11548477767596499,0.06970844534137641
C000281,45,200000.0,32,5,139.46895586564733,11,0.3111529982655576,0.13065301078337008,230,0,0,0.0,0.03026107570332265,0.14442873690458674,0.11416766120126409
C000900,68,47011.340420561726,34,9,121.19454281744369,29,0.4944033426048644,0.125529897494408,108,0,0,0.0,0.054416995126599386,0.013270206481171401,-0.041146788645427985
C000542,36,175121.4514554621,51,4,90.19607971302128,4,0.40843224940048317,0.2958480367763036,175,1,0,0.0,0.03841656730033487,0.20281659409346553,0.16440002679313065
C000056,37,49504.65918561997,58,5,80.55099017966847,9,0.36355147951453626,0.12733179184473212,271,0,0,0.0,0.019355839541089444,0.15692455842566974,0.1375687188845803
C000121,58,92679.5201700749,51,5,50.93262919551256,13,0.5896235644895469,0.34610450554736477,153,0,0,0.0,0.04324096266181858,0.201262462170975,0.1580214995091564
C000555,44,32507.20414335891,57,7,83.07655598165216,17,0.27340525862109505,0.031229142065917093,49,0,1,82.46459857057313,0.05497101120931774,0.1779489464592518,0.12297793524993406
C000026,50,,17,2,51.54904383616362,4,0.4666854687172489,0.35323914981568,253,1,0,0.0,0.01831424587125129,0.159828028676407,0.1415137828051557
C000073,21,71033.09486227781,59,7,100.07506900951368,11,0.2912544922227194,0.3077137018011092,262,1,0,0.0,0.023109107263858678,0.11329419472545198,0.0901850874615933
C000539,69,77926.20633403651,57,4,101.02027764583232,9,0.1976617799296978,0.050876403323251905,39,0,0,0.0,0.056924460529221135,0.0,-0.056924460529221135
C000045,38,26591.01410943839,19,2,91.2377409518037,5,0.04629561313163647,0.13172786093325853,338,1,0,0.0,0.00907476029809702,0.09298371675256197,0.08390895645446494
C000498,57,87755.2676105615,36,6,78.82362957819355,14,0.2650650168971694,0.2826562917408106,117,1,1,73.33959276555791,0.04565283879984355,0.1312620042220268,0.08560916542218325
C000199,20,86071.69349403186,20,7,149.39105188224994,11,0.27798903331369434,0.2406460914858687,318,1,0,0.0,0.018121402661020858,0.13028952002824062,0.11216811736721977
C000378,46,82336.16755397359,32,4,127.02123157125988,13,0.18522227975256883,0.26400415252463155,157,0,0,0.0,0.032526548010084456,0.13462501598297244,0.10209846797288799
C000315,66,58825.00298127155,35,4,86.10808167297947,4,0.10496006159628518,0.052930449648119084,145,0,0,0.0,0.03106814781111679,0.0,-0.03106814781111679
C000719,30,,24,3,101.83085750668963,3,0.31584350801518024,0.6278558659584877,45,1,0,0.0,0.053753644474362164,0.2527408206327366,0.19898717615837447
C000209,61,50092.00824568365,14,2,89.65667663923311,5,0.09780841374232967,0.187584252956652,154,1,0,0.0,0.026065585137999097,0.0,-0.026065585137999097
C000722,37,78727.58299019466,59,6,36.120188464923324,7,0.425754991802885,0.25129190441132077,284,0,0,0.0,0.02153451765964812,0.1480082365102751,0.12647371885062697
C000919,28,35548.18396155027,45,8,81.40132908059145,23,0.4258036322996074,0.2780099124796909,58,1,0,0.0,0.06035122190752336,0.20888916810853503,0.14853794620101168
C000536,22,47106.05953028119,23,3,76.54459377929979,5,0.19461381215079646,0.20873353473795211,20,0,0,0.0,0.053930626893324805,0.11718585646214463,0.06325522956881982
C000696,65,57121.16701884035,38,5,19.729460528912895,9,0.408428229023747,0.005908814930777479,257,0,0,0.0,0.02179250862311893,0.0,-0.02179250862311893
C000605,54,100432.54310386343,5,0,117.70014283313414,1,0.08613968817212549,0.5825734791521787,276,1,0,0.0,0.014811377254533853,0.14862864616742194,0.1338172689128881
C000591,51,62349.490953370565,56,5,123.95044154047324,14,0.5739068714058971,0.4611061364391885,82,0,0,0.0,0.05578230396959451,0.23918953137065435,0.18340722740105986
C000291,43,82314.59506469054,56,4,46.12025555770851,12,0.38791261376782177,0.5474916274355708,86,1,0,0.0,0.05038617319166469,0.1830818599719384,0.13269568678027371
C000960,44,107886.68797904698,37,3,103.03930849663756,3,0.15086770962091034,0.5109440647127156,270,0,0,0.0,0.01851011355573104,0.13745736090193522,0.11894724734620418
C000333,58,100510.96559614436,28,4,153.01073483187585,7,0.1614083329957492,0.1485131757245484,364,1,0,0.0,0.012132664306998431,0.0964960733765222,0.08436340906952378
C000211,32,34946.310514247976,37,4,64.80262930156997,9,0.008203201535118268,0.018406204207445726,353,1,0,0.0,0.00963624857290338,0.07958100986696157,0.06994476129405819
C000343,24,48018.83364335277,48,9,115.15633072257071,19,0.11177232664616565,0.15490500771746837,269,1,0,0.0,0.020893551916059547,0.10970943954532188,0.08881588762926233
C000061,25,78198.20170442406,19,1,152.03299275362158,3,0.15985348476879685,0.4917789293073911,161,0,0,0.0,0.026971607369478807,0.15998893464150926,0.13301732727203044
C000345,34,132175.50662324444,40,5,63.2353456234352,12,0.1525954628411428,0.10609417836485253,141,1,0,0.0,0.039761570291316245,0.13648623864064097,0.09672466834932472
C000891,68,30216.67700752707,47,5,93.53953945515171,11,0.6670192944789103,0.04724719234393919,251,1,0,0.0,0.02248388041935335,0.032223785612555005,0.009739905193201656
C000712,44,70402.9755983909,41,8,95.27735998679768,16,0.2650017587882917,0.3191418410458232,251,1,0,0.0,0.02523273413013436,0.14290342832546998,0.11767069419533563
C000468,62,67762.86200836685,34,4,79.67222710664646,12,0.4071185449422101,0.32656004165342434,362,0,0,0.0,0.012797283648970826,0.0,-0.012797283648970826
C000424,43,61409.394989134336,47,10,89.6703639469001,25,0.5430934291038809,0.06454228957886765,211,1,1,79.32231231244631,0.03760292377616345,0.16355710218319305,0.1259541784070296
C000260,33,31644.238017414926,22,2,88.72192840259262,4,0.03377873506050045,0.23648911611970286,5,0,0,0.0,0.04744376553765404,0.12440673249010004,0.076962966952446
C000781,53,78548.9940750052,12,1,52.79111286874608,1,0.17686435555269353,0.3933942970949091,24,1,0,0.0,0.05258890618897536,0.16991493329384283,0.11732602710486748
C000406,49,50133.95468876177,25,6,79.25763387170785,16,0.22411356549600972,0.2786769593210314,320,1,0,0.0,0.014958440429801276,0.17330699536985897,0.1583485549400577
C000789,65,103544.30849728893,41,6,78.11310952787152,15,0.42594283647774284,0.4519069808541651,172,1,0,0.0,0.039111822360124573,0.0010068557220779192,-0.038104966638046654
C000768,29,27560.862447880518,4,0,48.127024677038484,3,0.14191395137887539,0.09181948347728813,314,0,0,0.0,0.009774378662689069,0.09133201709960158,0.08155763843691251
C000484,45,123273.21718970439,4,0,147.0401509312996,2,0.05857491374372989,0.03985123150341392,268,0,0,0.0,0.01582463008507866,0.07213559856095722,0.05631096847587856
C000531,50,169351.25645819682,40,4,98.09119487657912,4,0.47805064411712833,0.15568267330072222,129,0,0,0.0,0.049173147770684766,0.1541695445957052,0.10499639682502043
C000811,66,59818.148794080626,38,3,120.53983691631235,11,0.4582028254734509,0.333721440033769,356,0,0,0.0,0.01255450956140893,0.02604263413210165,0.013488124570692721
C001000,55,49795.6676953047,18,4,106.3073866000688,9,0.12836461012055375,0.5196111955398178,28,0,0,0.0,0.05332065281214349,0.22241700596502506,0.16909635315288157
C000967,60,111439.97419800652,53,7,76.37296390821713,14,0.03902327519923201,0.11314488971129116,1,0,0,0.0,0.07761544783960486,0.12580695556665308,0.04819150772704822
C000111,28,76236.05207095166,17,2,64.67444152280078,8,0.05746176171634432,0.2287240216909416,103,0,0,0.0,0.03550583185562423,0.1375494315870251,0.10204359973140087
C000996,60,74003.3812091317,36,4,125.36174149834218,6,0.3439142782045905,0.06021510869227898,325,0,0,0.0,0.015147963612057566,0.11783442733585928,0.1026864637238017
C000559,67,139255.2260313157,14,3,90.19964302273038,11,0.217980532337317,0.22036663069645795,207,0,0,0.0,0.027354126882431398,0.0,-0.027354126882431398
C000794,23,64405.75671128505,13,2,105.37342034105401,3,0.32322131003671634,0.36293634834567046,96,0,0,0.0,0.040397418285852374,0.20901704282881434,0.16861962454296198
C000937,49,128840.95998595444,58,9,83.3887302077245,19,0.6841255134043264,0.08809870011210019,183,1,0,0.0,0.050516118570081925,0.19962687236525958,0.14911075379517766
C000920,68,78466.43380365724,4,1,82.43134494502817,3,0.21308584133683706,0.10351757559533543,265,0,0,0.0,0.016653723587509273,0.0,-0.016653723587509273
C000943,35,35585.560982743315,6,2,108.80030625781687,3,0.4178036957809525,0.1812234253617909,116,1,0,0.0,0.03425342947283784,0.16493365880455074,0.13068022933171292
C000320,37,46354.677233783594,25,5,97.99082920832436,11,0.18192876740475356,0.25809842167267544,138,1,0,0.0,0.033434014862586195,0.17058635306727482,0.13715233820468864
C000517,64,45094.264583795826,46,4,117.17155696923709,10,0.26747888429505584,0.05583343509902735,249,1,0,0.0,0.01922909986758929,0.0,-0.01922909986758929
C000450,42,153687.77309770242,18,4,89.7188033916021,8,0.25338310759367044,0.06476353327403908,174,1,1,98.53241825766332,0.03493425278139461,0.10564181541498058,0.07070756263358596
C000784,26,29591.50461156065,15,3,85.30474173980782,6,0.062106006216567956,0.019962989118016652,362,0,0,0.0,0.008715883534713727,0.05285564828933018,0.04413976475461646
C000594,24,46874.14624297203,29,3,153.5979107178009,4,0.09690992822820647,0.8585375326783247,49,1,0,0.0,0.04481096570710968,0.22245669864891046,0.17764573294180078
C000910,41,42755.03119996508,45,4,111.16823830115621,11,0.6442464035490146,0.005262651803937175,272,0,0,0.0,0.020448525235082827,0.1391708361971031,0.11872231096202028
C000744,28,56229.08852197089,12,1,65.90650184017886,3,0.2700335505426603,0.17443928879951479,116,0,0,0.0,0.03319809953015344,0.13833610038283836,0.10513800085268493
C000138,52,67106.88014147415,1,0,104.60034302806345,1,0.2950511737905775,0.3848799782334565,153,1,0,0.0,0.02768950588574913,0.16972255667466513,0.14203305078891598
C000800,19,55595.91036871908,9,4,134.90577578878978,10,0.32062118658528743,0.2696997941147852,177,1,0,0.0,0.02921360089146146,0.1680844149282991,0.13887081403683763
C000934,20,95417.75061210887,30,5,96.6612127718408,9,0.31956280628936573,0.1049899923687966,262,0,0,0.0,0.02251127917580863,0.12327992147122625,0.10076864229541763
C000823,52,78460.82722586463,55,5,106.69907018656616,13,0.2376474426297261,0.40484204795872114,3,1,0,0.0,0.07202035686559995,0.20348308696265222,0.13146273009705228
C000766,25,40827.584624227566,18,2,105.53249708280933,4,0.07870490259852304,0.5621365438405782,80,1,0,0.0,0.03553071130607178,0.15901373794236495,0.12348302663629318
C000262,20,,57,5,103.25237420058704,11,0.5498454901199975,0.2053301300555249,4,0,0,0.0,0.07900060719258883,0.1782666538306652,0.09926604663807637
C000568,18,119628.39614486133,33,8,111.5640842754473,14,0.17942782103383187,0.01799747803406244,150,1,1,117.1725171352115,0.043696277743968545,0.13055058101543293,0.08685430327146439
C000833,55,60311.38380958033,24,5,107.6294687966113,10,0.11052638291679617,0.11250894449297638,139,0,0,0.0,0.0338219793710642,0.07313428732220861,0.03931230795114441
C000382,58,147272.32129271596,46,6,69.36811005379433,14,0.4053679043361544,0.05861757515436833,304,0,0,0.0,0.021854235202257835,0.1138289502435092,0.09197471504125136
C000334,53,28547.35752292182,41,4,68.07265864200328,11,0.16644895121854056,0.2342624677426511,159,0,0,0.0,0.0259860125404482,0.10377036622182707,0.07778435368137887
C000537,53,51119.74941321957,22,5,86.80900147192574,15,0.11048809094860101,0.2500467885642065,327,1,0,0.0,0.013056504195398574,0.14201789135254633,0.12896138715714775
C000352,63,40872.022383211144,7,2,87.92851907426994,4,0.5614194741448901,0.5713799212857019,358,0,0,0.0,0.011548252416225847,0.03988295742039632,0.02833470500417047
C000786,37,38183.013406386795,39,6,66.65483857896629,21,0.059045879385406126,0.10473386597240708,101,1,0,0.0,0.038074087058109385,0.11249727224140774,0.07442318518329835
C000452,39,20000.0,11,3,41.07903526087271,5,0.5460800487216432,0.06419166202522304,52,1,1,43.32799320973591,0.04652079840374979,0.14855455766809467,0.10203375926434488
C000079,27,69354.56642545559,54,6,108.78855500556506,13,0.15851287937860095,0.14074735912400788,362,0,0,0.0,0.012551281867017374,0.12601994573602643,0.11346866386900906
C000030,42,,29,2,125.37518872730176,3,0.5708712044398185,0.12217902260294111,298,1,1,136.14711376997965,0.016739154304496177,0.14159417271335337,0.12485501840885718
C000713,27,27054.347018182296,9,0,99.96196439537509,2,0.4156675621001299,0.22651395283621165,94,1,0,0.0,0.03276751424416583,0.13564985991776743,0.1028823456736016
C000278,57,85157.24613204389,35,4,131.59000081896224,6,0.3833255461210194,0.24316854659811102,349,0,0,0.0,0.014107483640699865,0.16606215015684414,0.15195466651614428
C000248,41,40657.8609873673,49,12,57.01152749148737,28,0.3929800990565912,0.1277300270960043,328,0,0,0.0,0.020136560691194228,0.11354829822602464,0.09341173753483041
C000658,53,85193.99357273271,44,7,67.30469244938573,19,0.0482264358832182,0.061990174670926004,119,1,0,0.0,0.04252102119881382,0.1291725488614886,0.08665152766267478
C000307,33,57931.5248178569,25,4,84.88482238336958,9,0.08019442844582358,0.2703096077299162,102,0,0,0.0,0.037671390608921405,0.11451508088647869,0.07684369027755727
C000166,40,58393.064776959145,56,2,98.82180079145274,5,0.07279983643858631,0.14754599976212424,7,1,0,0.0,0.053780416885847275,0.13475461434369385,0.08097419745784656
C000817,44,,17,2,106.29917864573893,7,0.20097546752582926,0.024986737542975326,286,1,0,0.0,0.015272536156482452,0.08995152198329881,0.07467898582681635
C000179,19,45038.314407314545,36,2,122.16469850351096,4,0.16776832034074993,0.050636711020328795,242,1,0,0.0,0.01717429967184378,0.10704492945724783,0.08987062978540405
C000486,54,,25,3,151.82656127862043,6,0.17951543260987143,0.07431468856787003,299,0,0,0.0,0.017315536229709907,0.10657962920514454,0.08926409297543463
C000066,53,54207.64061142171,55,13,93.49255028720387,23,0.21598229930253776,0.3939260344447516,104,1,0,0.0,0.060321507205864655,0.19445703934465916,0.1341355321387945
C000142,64,117572.4318924034,6,3,129.07691762835924,5,0.12051333115996445,0.29365936278942467,312,0,0,0.0,0.015086745135395839,0.0,-0.015086745135395839
C000437,33,47996.48384266072,48,5,87.03868557265677,9,0.12018893470716105,0.010467185433027696,167,0,0,0.0,0.028385392072474702,0.043392116614812036,0.015006724542337334
C000523,29,85068.44936166912,35,4,30.209153207824073,4,0.30590213456838045,0.00920404083257292,229,0,0,0.0,0.02446452801454876,0.14256099352392473,0.11809646550937597
C000845,63,37512.59957879792,9,2,98.80173659248408,6,0.18954997108985655,0.5984733792955769,119,1,0,0.0,0.030540227183093283,0.05105362333180691,0.020513396148713624
C000421,56,60868.571469913455,57,6,57.21658848570686,15,0.20535416575468632,0.24136560770034046,194,1,1,57.79903209230066,0.028526399894887155,0.12585319472576326,0.0973267948308761
C000405,67,80343.29609275227,4,2,139.0477899401198,4,0.5007288203835227,0.17234817415590648,254,1,0,0.0,0.0213571860918883,0.023629972612422973,0.0022727865205346733
C000680,55,188635.36172547116,42,2,84.90269034094956,8,0.3240703082269165,0.349525114085853,73,1,0,0.0,0.05533596550686924,0.20058297935931624,0.14524701385244698
C000266,43,41126.51700420475,16,3,46.82264303915637,11,0.2287592918781224,0.589047967251428,78,1,1,36.00318424736672,0.04051616895629168,0.20144988487119903,0.16093371591490735
C000880,68,80157.24853005978,1,2,35.40171783869101,3,0.3186779073551067,0.0821825665316921,194,0,0,0.0,0.02617906018703976,0.0,-0.02617906018703976
C000293,69,81879.57279529398,21,0,84.68673379700347,0,0.48813232910729676,0.12270144497845309,262,1,0,0.0,0.018573185816208693,0.0,-0.018573185816208693
C000222,19,29669.33183133803,19,2,126.4969772592694,6,0.4815448413521028,0.260140206518938,42,0,0,0.0,0.04863245345218545,0.1642907973284791,0.11565834387629365
C000828,45,76073.02077327014,21,2,149.83281735690144,2,0.32627606880915944,0.1761112352307105,111,1,0,0.0,0.03886847203182964,0.13541848086028668,0.09655000882845705
C000236,18,64682.80770616898,22,1,125.04249167929906,4,0.4444949240284839,0.0957196989444577,356,1,0,0.0,0.011472562878387875,0.09686971152032675,0.08539714864193887
C000526,43,82428.43505970467,14,0,95.5029665602486,0,0.21199034438527106,0.3386957468617104,27,1,0,0.0,0.050737343415412126,0.1906018584174165,0.13986451500200436
C000193,50,29683.42219929994,6,3,101.01169308764125,6,0.44362734631923456,0.2959231379671417,63,1,0,0.0,0.045326688746061605,0.1580178556367602,0.11269116689069861
C000322,65,47617.81318794635,50,4,128.9380527191108,8,0.3616605940865153,0.20548675723647594,185,1,0,0.0,0.027816020870768846,0.0,-0.027816020870768846
C000050,42,,19,0,120.29549664342969,0,0.5252691580437566,0.06577727224290388,227,1,0,0.0,0.01794998224484493,0.12551706112689912,0.10756707888205419
C000892,51,,31,5,129.78871391358894,9,0.07550201569666726,0.3633742369769367,21,0,0,0.0,0.05010927549432163,0.15288966721753128,0.10278039172320966
C000003,46,41106.62043115167,4,1,94.48800175699586,2,0.3709770102399436,0.03592873217280322,284,1,0,0.0,0.014433250365772159,0.10377669121708363,0.08934344085131148
C000818,66,70470.44945776684,41,5,143.7896448875653,13,0.3349725870183915,0.05270048325345482,275,1,0,0.0,0.020057718828680956,0.0,-0.020057718828680956
C000371,21,43625.89947154034,37,4,97.66681899206752,3,0.23696598905320485,0.05039485563136557,275,1,0,0.0,0.01656448037946707,0.11055114839100574,0.09398666801153868
C000922,40,85954.76913043862,27,2,86.30790451479677,3,0.8333727587571063,0.05460072352131843,275,0,0,0.0,0.022978403095068562,0.1755193739514777,0.15254097085640914
C000250,69,36787.50220191565,34,7,125.95469650360786,10,0.3586664199857663,0.41263391103882113,3,0,1,133.2198456909557,0.07262560904905072,0.08581778832097293,0.01319217927192222
C000549,41,52754.88071666814,45,7,118.51189134205609,13,0.2922428695776788,0.5918223573130095,247,0,0,0.0,0.02347299238215764,0.18647226324008637,0.16299927085792873
C000433,37,57208.174329204594,12,3,91.60226373033979,6,0.2151906597141506,0.36138583562034726,316,1,0,0.0,0.01344688199051147,0.14414307172760446,0.130696189737093
C000939,68,78530.93328434709,42,6,99.78182215000881,13,0.20637610860270178,0.008321789401049611,107,1,0,0.0,0.04558508030830762,0.0,-0.04558508030830762
C000508,43,60812.020907216436,33,6,89.07681335832362,16,0.5811887607524207,0.5200000639704343,349,0,0,0.0,0.016059691652242514,0.20641442572676544,0.1903547340745229
C000034,45,87535.12795438714,37,6,83.9175461463744,11,0.1712413025539704,0.4664337632466047,288,0,0,0.0,0.019032786974850262,0.1507905360186583,0.13175774904380805
C000205,54,,42,2,105.40316402396245,2,0.13709915730278696,0.11980770627203388,238,1,0,0.0,0.017827606741359633,0.07165842706967385,0.05383082032831421
C000890,44,141203.0326180252,43,4,60.97894690737569,6,0.24799643453050887,0.025528889149732684,65,0,0,0.0,0.05768368542514403,0.15203507320261972,0.09435138777747569
C000589,27,58608.76582085589,22,4,66.85821084706976,10,0.1909458793977171,0.050605173824712114,358,1,0,0.0,0.011399116898174556,0.12701845015896432,0.11561933326078977
C000731,66,41893.92923497422,11,3,78.81614163441684,5,0.6852299190007336,0.0022785217814523793,258,0,0,0.0,0.021190969043143645,0.041281694745857,0.020090725702713357
C000078,51,48611.120510095636,57,13,104.20043460626846,32,0.3681577246176071,0.11559850099738449,73,1,1,102.87598740927274,0.07333492255223284,0.18322774701998823,0.10989282446775539
C000085,25,21655.994419708066,20,1,102.82837880842838,3,0.29453561470435896,0.23946478638784358,320,0,0,0.0,0.010250957174391001,0.10163531144389626,0.09138435426950525
C000306,65,75485.04837205801,2,1,44.155466483335346,2,0.26618278435629206,0.004613622121176566,115,0,0,0.0,0.035245823533994906,0.008903220600097836,-0.02634260293389707
C000083,65,109393.50547757249,6,0,130.4033727965129,0,0.1988752558631476,0.17832361550758835,259,0,0,0.0,0.017310555764393755,0.0,-0.017310555764393755
C000449,68,45455.99880740141,47,2,99.60001458890615,3,0.36318879395609815,0.23421531715174573,81,0,0,0.0,0.04138935598803925,0.03538615542505233,-0.006003200562986921
C000998,62,48212.35963076652,17,3,73.52318765663412,6,0.6206849372156791,0.6066913110179369,44,1,0,0.0,0.05913709475873565,0.1237031450071461,0.06456605024841044
C000752,58,200000.0,5,0,79.4465206107181,1,0.34994825059483986,0.1758928304495572,347,1,1,91.69633469127695,0.013616445323168549,0.12348815012489499,0.10987170480172644
C000532,47,42510.4808251086,24,5,142.43928002486044,19,0.2589937802500762,0.2949473598323812,220,0,0,0.0,0.02291106756541826,0.1380443896939229,0.11513332212850465
C000324,52,51406.185232691416,19,2,73.73918916745609,3,0.23511933696014306,0.07033869297055141,37,1,0,0.0,0.049177404852714136,0.12927101370343044,0.08009360885071631
C000496,65,20000.0,52,11,127.69039710683498,21,0.546162414189265,0.7746052094456666,85,1,0,0.0,0.0581304620891157,0.11218984323790071,0.05405938114878501
C000911,22,164192.28096983652,50,4,50.7929240000959,4,0.14285405597487538,0.25886002582988377,300,1,0,0.0,0.018149965260318552,0.12820570017629418,0.11005573491597563
C000006,25,34937.84272107275,20,4,97.06447689354626,5,0.35255708244302386,0.038901863389652645,224,1,0,0.0,0.021553836280186273,0.09828207085768197,0.0767282345774957
C000426,67,87136.10706793454,44,6,53.57733614892547,11,0.24699616065424404,0.4232760232202017,114,0,0,0.0,0.0458514630082306,0.01572313092938224,-0.03012833207884836
C000491,18,91347.08176968832,35,2,44.993073580387296,4,0.3372435297244397,0.34585588156213287,93,1,0,0.0,0.0441145017089744,0.21022330275723014,0.16610880104825573
C000098,58,106295.35462968123,5,3,119.20508908369152,7,0.08963459030753691,0.09985197237759416,130,0,0,0.0,0.03542249935111888,0.09528708907712242,0.059864589726003545
C000762,29,36124.31545374191,49,6,114.54072338855225,14,0.21041770091298603,0.14881069650736325,47,0,0,0.0,0.05241109236184416,0.14741620492179588,0.09500511255995173
C000423,59,66015.79926830658,2,1,135.87929387451112,2,0.11640881946432438,0.2685738945648173,126,0,0,0.0,0.030288768157953543,0.09401065066348756,0.06372188250553401
C000886,51,37626.57500103369,10,5,64.32933822322047,15,0.4021653945573848,0.30371594971076354,26,0,0,0.0,0.060894796257141615,0.1900251722908799,0.12913037603373828
C000282,42,57186.31447675668,7,0,95.654773697926,0,0.10184439988808769,0.3163033821356431,216,1,0,0.0,0.017947049872699124,0.1130110273414993,0.09506397746880017
C000267,20,44193.85095436061,48,7,89.09160112295147,14,0.156946079366224,0.06641550098676155,19,1,0,0.0,0.06349376727571526,0.11574146617457942,0.05224769889886416
C000443,45,109056.69413467663,21,0,50.37470679317024,0,0.600099645583331,0.13666130844327148,94,1,0,0.0,0.046798230779451694,0.1893284503057576,0.1425302195263059
C000746,53,55748.11295395769,33,3,90.25349134024783,7,0.5309640274226414,0.7178758102858571,292,1,0,0.0,0.017588691952787415,0.23705060979516784,0.21946191784238042
C000383,54,44165.77716875073,55,3,90.44151273318282,4,0.13312641009526607,0.001932962862819822,89,1,0,0.0,0.03721023016040076,0.10872676573151044,0.07151653557110968
C000693,55,41155.69311217829,56,6,112.04392425600984,10,0.34365305079917424,0.6864067809175447,305,0,0,0.0,0.016429583972577638,0.18299493456163354,0.16656535058905592
C000894,55,54037.741745533305,11,3,88.94650373901916,8,0.3566272997839773,0.15733767490008416,16,1,1,84.1855190445907,0.06087337657532877,0.15075117382185182,0.08987779724652306
C000535,27,43320.91572005834,38,6,70.77128317520112,14,0.018165324805296253,0.1178471699155551,41,0,0,0.0,0.05095105886806506,0.11879805583558384,0.06784699696751878
C000119,59,87605.06978667242,46,6,97.73760457281402,11,0.06494724432181773,0.1274314215723649,69,0,0,0.0,0.05213561148832216,0.11839285848801412,0.06625724699969196
C000389,52,54919.63574844372,21,5,113.5440875969139,7,0.37269176692377276,0.25185516557040566,47,0,1,123.53558354308575,0.05842090709521634,0.18022338782398456,0.12180248072876822
C000251,51,73587.18841094496,6,1,85.33023131264574,3,0.44920679996789964,0.002895976434151159,165,1,0,0.0,0.03008718031158264,0.12527398345406798,0.09518680314248534
C000944,45,22447.208591168812,4,2,154.7799163522314,7,0.34009646558090906,0.12038023003420839,17,1,0,0.0,0.048562465619628785,0.15675827309584234,0.10819580747621355
C000454,69,46680.076677911864,23,1,157.0336219380282,0,0.02343706168003016,0.0186208466083401,237,0,0,0.0,0.01571928891596195,0.0,-0.01571928891596195
C000010,40,125752.61848018545,35,5,114.08736690695176,16,0.21868557014480666,0.24635662028070715,237,1,0,0.0,0.02555093124487293,0.1203184399929138,0.09476750874804088
C000197,30,95792.4391702395,56,5,121.09939184372776,9,0.28810367279531734,0.1867105573178161,36,1,0,0.0,0.0656253141186168,0.1762479231942694,0.1106226090756526
C000619,49,98824.90196260267,24,2,117.3174511712659,5,0.17185774992600383,0.37957367441078244,167,1,0,0.0,0.028950054918335046,0.13373016361656198,0.10478010869822693
C000082,48,50974.87152673069,17,3,106.99538571384575,9,0.39201355331132587,0.22318529759158678,260,1,0,0.0,0.018888529209143787,0.15315930413871048,0.13427077492956668
C000399,59,200000.0,55,7,109.20095120978309,11,0.26099385978521594,0.3712738969746604,92,1,0,0.0,0.06284106088076434,0.17360825927848111,0.11076719839771677
C000502,56,58585.597161764075,9,0,69.02563096315383,5,0.10707331281178341,0.5479025402597013,117,1,0,0.0,0.02931877087849921,0.14758149165420076,0.11826272077570155
C000635,30,199547.51029932476,26,2,53.383209866573715,1,0.46372874861209323,0.045291545761313376,234,1,0,0.0,0.02761669060851647,0.13413630044165592,0.10651960983313945
C000240,43,25514.84311838822,24,0,100.65188472969169,0,0.10139940941298851,0.20056726242901615,348,0,0,0.0,0.00797170824007647,0.09744190262155572,0.08947019438147925
C000310,41,66565.63183263858,8,0,72.18849724223999,1,0.28666542044301796,0.07244468403318774,1,1,1,61.79522425345925,0.057085029382774786,0.1345591178544264,0.0774740884716516
C000212,49,81639.43078770564,58,5,110.6462140880814,8,0.2604146796713068,0.14377375210861998,39,1,0,0.0,0.061993066762395924,0.1676484209263837,0.10565535416398779
C000835,40,35226.11569555947,38,3,48.48432599918864,10,0.37877523082927994,0.1342007934633681,19,0,0,0.0,0.05595323563445871,0.12796408702912315,0.07201085139466444
C000381,52,130073.17320190575,11,1,119.95814518870283,3,0.32373479981602626,0.30527823981339935,129,0,0,0.0,0.03761839944277508,0.17984674172477993,0.14222834228200487
C000602,38,169477.225337534,50,8,52.61483748738181,21,0.3697223260459218,0.4554324011053666,199,0,0,0.0,0.04046545280600395,0.20681140936036324,0.1663459565543593
C000228,66,140130.30593004724,41,3,138.14572442961816,7,0.46409211847417003,0.27780523194200646,222,1,0,0.0,0.02869705264712411,0.0,-0.02869705264712411
C000874,32,20000.0,28,1,99.65063353497541,3,0.17230511964482387,0.6842551103969232,145,1,0,0.0,0.0224863106755899,0.17241774730447337,0.14993143662888347
C000360,44,84078.78772116192,40,6,104.22752944704268,11,0.5707077429560131,0.007108253516066706,279,1,0,0.0,0.023993181940111817,0.14642652803272457,0.12243334609261275
C000814,43,57105.46010391723,30,5,107.23000760191736,9,0.2756367087504493,0.5267949451210582,246,1,1,104.71221686049118,0.02154973792393049,0.17031266173666137,0.14876292381273087
C000178,45,55821.79342225161,45,6,139.07022234561285,6,0.44159475175038315,0.046753619142673446,74,1,0,0.0,0.05587326792013089,0.15451526497599724,0.09864199705586635
C000995,63,56479.09038185734,11,3,74.15910841151356,5,0.45245832527678004,0.34613480748639164,190,0,0,0.0,0.02793882772443294,0.0,-0.02793882772443294
C000757,18,79745.16411857042,23,3,113.99337402519419,4,0.18412906299962914,0.4440586711181881,48,0,0,0.0,0.05192797320744929,0.1946446908504765,0.1427167176430272
C000494,51,23326.130123998573,53,7,108.89653964293916,18,0.23000828183173758,0.8795002061922084,231,1,0,0.0,0.020990207598036093,0.24526652660822465,0.22427631901018855
C000335,50,68570.99933689363,36,3,74.41713504299065,7,0.7063007955320935,0.00600205646347824,324,1,0,0.0,0.01706220147245475,0.12836863352395814,0.11130643205150338
C000893,69,125202.16188498896,27,3,92.50917482599618,9,0.15989887852894924,0.13118387397644296,233,1,0,0.0,0.022944409968907394,0.0,-0.022944409968907394
C000008,56,93238.84630472676,24,2,153.18074982699747,3,0.27475304049029003,0.4790316773826904,191,0,0,0.0,0.026778947824350592,0.1971703978326814,0.1703914500083308
C000156,30,,44,2,79.24206032984077,9,0.35876163521330934,0.48883013048871615,357,1,0,0.0,0.011409621538256037,0.21259529501799618,0.20118567347974015
C000843,31,61965.747309242535,45,4,108.71702756765973,9,0.4242355224233933,0.3710559649584553,344,0,0,0.0,0.013857551644998651,0.21607325745061629,0.20221570580561762
C000751,64,57409.14080072986,58,8,110.40092885504991,17,0.35592978328304353,0.8589127996250774,61,0,0,0.0,0.0630088288998841,0.12449120266799371,0.06148237376810961
C000942,22,39438.39083421652,23,5,87.30818196922661,7,0.1560806538894896,0.2529276999814655,205,0,0,0.0,0.023103054483587713,0.09820876832123997,0.07510571383765226
C000483,36,57367.42967876043,3,2,99.93361991588314,7,0.3055507571278728,0.3025849901356856,230,0,0,0.0,0.020437514319189415,0.1390003347672989,0.11856282044810948
C000847,68,32769.46677387461,38,7,124.73355400682455,15,0.20396221715566043,0.11291323840138531,85,1,0,0.0,0.04489374784100118,0.0,-0.04489374784100118
C000750,35,30248.39340332548,28,3,132.54483220468325,8,0.2651387721199607,0.06903694072916274,254,1,0,0.0,0.016496927660401024,0.0863196724127093,0.06982274475230828
C000904,21,69685.4017946855,12,2,79.06512135238306,2,0.40210384820038025,0.3198748802097363,203,1,0,0.0,0.025393154944601773,0.16707508502701612,0.14168193008241436
C000592,68,31590.247518533364,55,5,105.26716185146465,7,0.25109762246744194,0.11490313001408314,342,1,0,0.0,0.011817497825321792,0.0,-0.011817497825321792
C000953,43,55190.10639966099,17,4,90.99205846243507,11,0.1922809649989573,0.32918148066042785,276,0,0,0.0,0.01688820525358735,0.12993083708675093,0.11304263183316358
C000581,67,106562.04657010153,4,1,154.62615430370423,4,0.06831505233459537,0.06146223483849331,160,1,0,0.0,0.027531641581395604,0.0,-0.027531641581395604
C000440,68,35912.553445423175,56,9,82.71214212915183,22,0.3454230848397738,0.08538366793648937,181,1,0,0.0,0.033945115577978247,0.0,-0.033945115577978247
C000543,49,142325.42305248452,3,2,50.95919443736812,7,0.150992926166858,0.050184405671502334,279,1,0,0.0,0.017805448357210176,0.09582087086571936,0.07801542250850918
C000597,62,127068.26446727713,30,7,101.47974510098678,7,0.1461716740624518,0.05563658374593362,306,0,0,0.0,0.019447953638303105,0.0,-0.019447953638303105
C000724,25,61230.192405424095,55,7,95.73254714080643,22,0.25642032151570604,0.09930058637183045,149,1,0,0.0,0.03818915026057508,0.11160411731479165,0.07341496705421657
C000678,61,51005.2653967058,8,3,87.73174332276184,7,0.19518816772247197,0.2022804931883698,206,0,0,0.0,0.02234782966405791,0.0,-0.02234782966405791
C000479,59,82740.23011040446,1,1,61.99309861220218,0,0.357227286040668,0.35103589210798475,143,1,0,0.0,0.032746967396881495,0.14995607002872524,0.11720910263184375
C000229,19,66676.5485952204,33,4,56.7506456046756,7,0.05654067313762847,0.0001373579732812911,54,1,1,45.30156302828583,0.048146458064849344,0.07784505799356717,0.029698599928717824
C000975,52,87445.4676984908,45,5,129.22786789259357,13,0.3304205956732435,0.32191635169572286,223,0,0,0.0,0.02690966958643322,0.11636523290551398,0.08945556331908076
C000815,42,95000.56165262754,40,8,101.21693644286081,14,0.22250075216038334,0.11742255459085671,110,1,0,0.0,0.051642935870399385,0.13294334921330792,0.08130041334290852
C000213,49,80712.63989536116,21,2,73.93461765044708,3,0.1726346222612511,0.12754069069229243,217,1,0,0.0,0.021819113607251656,0.10580331194963676,0.0839841983423851
C000080,53,169363.1051963426,45,3,63.95235435578447,3,0.5530001268548761,0.03129426737332332,305,0,0,0.0,0.020744822843776392,0.1318914308984544,0.111146608054678
C000149,56,25741.70005950309,20,1,32.77459767931785,2,0.09688513776874319,0.2750276759639643,293,1,0,0.0,0.01099412119445523,0.09702437702248072,0.0860302558280255
C000303,58,,28,2,147.3948915617086,3,0.13463663852265498,0.2998591417916216,192,1,0,0.0,0.024121410723486468,0.13897407409646798,0.1148526633729815
C000356,62,36421.80165285048,3,0,67.07681270395122,0,0.3210711560707881,0.5000985178377042,281,0,0,0.0,0.013283822252584484,0.0,-0.013283822252584484
C000430,24,66948.23615297108,34,3,121.51237110988492,11,0.27014411477748385,0.02183528873428874,361,1,0,0.0,0.011412717887697724,0.1160930813945546,0.10468036350685687
C000520,63,95264.8972810872,36,5,49.94965335673823,10,0.24575863762539427,0.3174116794482888,356,0,0,0.0,0.013678015772026498,0.0,-0.013678015772026498
C000363,47,65207.25047333,28,2,161.05027328004368,2,0.17885991474939233,0.45344074047667066,150,0,0,0.0,0.029100700454297895,0.1616032192765191,0.13250251882222122
C000595,21,27551.40721536855,49,5,87.51369358481234,17,0.18209066781354924,0.25092364756408564,206,1,0,0.0,0.021707549640314464,0.12299306986725189,0.10128552022693743
C000358,25,,50,7,70.34816684599382,17,0.13297479265664358,0.384267201385271,94,0,0,0.0,0.0457188706053718,0.17674157496850984,0.13102270436313804
C000134,61,64004.61263661681,39,5,158.89257654044513,5,0.30513129306044107,0.4194428545565087,174,0,0,0.0,0.03173615887580653,0.017325843869572644,-0.014410315006233888
C000830,22,90308.15006912925,31,3,101.9062015150701,8,0.19974005054442223,0.6298134595650139,256,0,0,0.0,0.019610418696690612,0.15339295077863824,0.13378253208194762
C000312,41,31689.020813431118,33,5,90.69336978250796,8,0.6035374118918199,0.11541915614376135,209,1,0,0.0,0.027002768468368726,0.15746302238481955,0.13046025391645083
C000622,66,,8,4,132.35292232596132,12,0.23387309419376845,0.1622273856225819,14,1,0,0.0,0.06119409221984326,0.0,-0.06119409221984326
C000465,56,27982.574488911032,33,3,88.9689302134664,13,0.37889113800770813,0.27817319488276243,180,0,0,0.0,0.02468312427056079,0.1425153463940582,0.1178322221234974
C000994,40,82970.47147569594,34,2,83.35001835657368,6,0.27174658510212185,0.46631909826130674,61,1,0,0.0,0.04890034697077516,0.18093637744925523,0.13203603047848006
C000001,56,26872.982183726665,37,5,40.30553443602559,5,0.43075571649350053,0.4424441897912132,257,0,0,0.0,0.019006170826565597,0.17950716030929365,0.16050098948272806
C000317,53,60855.594249591566,39,8,114.00265614515737,19,0.267376322212231,0.24523302052693646,181,0,0,0.0,0.034489045697780114,0.1548290468249693,0.1203400011271892
C000723,45,61483.85360813941,39,3,67.29294759442747,9,0.4706015920875558,0.18235291826549838,155,0,0,0.0,0.03394927364805504,0.16848964001787664,0.13454036636982158
C000560,52,47698.61828902432,56,6,89.70812369843011,18,0.19251119989724946,0.18201047065122,201,1,0,0.0,0.026130642041031386,0.12199706601344315,0.09586642397241177
C000372,52,108728.3780612684,4,2,86.31685450750702,4,0.3023088523692231,0.011277638262784991,127,1,0,0.0,0.03810793897039964,0.14440263343342963,0.10629469446303
C000545,22,61151.00526369298,19,4,84.40675631109909,13,0.1938472477026124,0.11889610088677006,209,1,0,0.0,0.023943777378708283,0.11665364103365068,0.0927098636549424
C000850,21,110357.54327266896,44,10,127.5924543697128,22,0.14958859766033702,0.20111315145278683,148,0,0,0.0,0.04711668802046417,0.14366714845359618,0.09655046043313201
C000395,50,46318.38250786925,38,3,73.88336933061541,11,0.12460366457951104,0.12713474466141658,165,0,0,0.0,0.025881740657962605,0.12771917454054613,0.10183743388258353
C000173,30,200000.0,25,4,119.87687649639759,9,0.3250716779766962,0.6140072609111104,91,0,0,0.0,0.056508020039361895,0.21448984879118577,0.15798182875182387
C000126,29,32201.6344495965,49,4,104.61022061692564,9,0.40449403126598354,0.16477883765933518,218,0,0,0.0,0.022406252498170583,0.13836241649771303,0.11595616399954245
C000899,59,84209.47948695328,8,0,87.333702231466,1,0.2671303785401085,0.435340543613389,41,1,1,94.24632714155405,0.04893088647042586,0.20542688991656693,0.15649600344614106
C000579,19,88251.78458596917,30,5,74.41944951301481,14,0.15125169368324465,0.20829296491653695,232,1,0,0.0,0.023643490296525817,0.09104198556165682,0.067398495265131
C000949,18,69968.69383803963,13,6,48.34952275219132,18,0.15628206505825343,0.10046562944403772,317,0,0,0.0,0.015678627133706616,0.13904959014977555,0.12337096301606894
C000921,64,108548.45243857199,26,1,57.27632765026186,1,0.15748862281631293,0.07236475564612183,126,0,0,0.0,0.03401913182345597,0.0,-0.03401913182345597
C000091,62,70654.95556292763,47,6,114.9581445546169,12,0.18494474148890508,0.19716849747570603,266,1,0,0.0,0.020464825173914875,0.0,-0.020464825173914875
C000971,53,67675.29211746837,3,1,77.09952439854663,4,0.2942560390345112,0.03791394984601477,58,0,0,0.0,0.045986394530754746,0.16361865011123605,0.1176322555804813
C000182,23,45724.4047731215,20,2,95.72037405732388,5,0.5688061340170288,0.35288123428959023,316,1,1,105.96383607718212,0.014579168449868724,0.17242306071147517,0.15784389226160644
C000364,50,76751.29000633425,1,2,110.74619901611125,6,0.45258007344339013,0.04913216456886214,351,1,0,0.0,0.012830703702656768,0.09201288579426604,0.07918218209160928
C000275,57,76784.55496194794,38,4,72.07344268890417,10,0.15894294714436966,0.4793613936517254,272,0,0,0.0,0.018079486208905263,0.15433219996811337,0.1362527137592081
C000913,23,49983.04193330565,30,5,107.87584036969974,5,0.6304550845201184,0.14556557937357334,158,1,0,0.0,0.03824156490709943,0.18159107690175508,0.14334951199465565
C000070,19,55506.82268876555,18,0,123.85560584924562,2,0.3203904640957098,0.3402028361461506,274,0,0,0.0,0.014936353515891478,0.12291780415283501,0.10798145063694353
C000292,65,97575.04624751545,40,7,52.500832311186514,15,0.13885806935403325,0.2664547410399732,271,1,0,0.0,0.021841685519065842,0.0,-0.021841685519065842
C000132,54,34178.61098328969,26,6,84.63114561217084,10,0.19461298299523977,0.21657984244613812,280,0,0,0.0,0.016646345849097046,0.15380718120803158,0.13716083535893453
C000301,49,72562.1537519483,40,3,161.645638594395,8,0.35509511128103133,0.26265451226881126,340,1,0,0.0,0.013413777841219226,0.13054655993621403,0.11713278209499481
C000448,39,58059.56298919915,51,6,124.66696546118024,12,0.19160751167851944,0.30381275362622284,304,0,0,0.0,0.016394048976028235,0.14503206319285833,0.1286380142168301
C000327,35,112417.83789582651,11,6,131.3153632651801,15,0.33625710609650883,0.13906731615472165,76,0,0,0.0,0.060096165825498475,0.1840841167241338,0.12398795089863532
C000145,18,36581.48185399283,46,3,89.35694436523707,7,0.6100955559514113,0.5578840928337291,26,1,0,0.0,0.06079944423880508,0.27941683352514307,0.218617389286338
C000552,66,82925.49317637297,9,1,95.82193879997243,1,0.7780069490198113,0.23049797227702304,89,0,0,0.0,0.0519161702024925,0.04020538229523688,-0.011710787907255618
C000596,67,48438.11393106715,48,6,118.10443030904611,13,0.41200887246962475,0.03727396395988076,218,0,0,0.0,0.026848161703719255,0.0,-0.026848161703719255
C000656,69,32477.276320623303,3,2,98.22195932198977,2,0.21488396517695565,0.18514911938001163,356,1,0,0.0,0.00938833636718468,0.0,-0.00938833636718468
C000136,39,86248.08684614176,50,4,69.2880743875849,13,0.11091409829136567,0.5459840837460275,44,0,0,0.0,0.05439760886657835,0.2011286620020645,0.14673105313548615
C000431,53,67967.95907634759,22,6,105.33334415754956,20,0.46694575103946834,0.28442371330541516,102,1,0,0.0,0.051410951975469736,0.17268118161613644,0.1212702296406667
C000165,54,20000.0,14,3,72.76162859432151,7,0.1400938852727404,0.30279467669541343,14,1,0,0.0,0.04594785320306099,0.1497943261074481,0.10384647290438712
C000029,61,68687.89446988584,4,1,83.00104226141673,4,0.21889915891570902,0.06513409970864173,224,0,0,0.0,0.019897941437487646,0.0,-0.019897941437487646
C000588,43,71349.94000642038,46,5,72.35040640665213,14,0.2560636238749061,0.18094890603110994,158,1,0,0.0,0.03419595866324304,0.13013926339631676,0.09594330473307372
C000194,18,40667.78348470351,15,1,109.08649830157907,1,0.2571130515315767,0.2355000374071185,284,1,0,0.0,0.013616528204257225,0.09518723551060883,0.0815707073063516
C000791,30,34750.29912494405,2,2,66.64665102596675,9,0.31232553323263523,0.06216753845622124,96,1,0,0.0,0.03568786913550248,0.11663468471506368,0.0809468155795612
C000653,52,53104.74290887021,22,1,142.5520763810975,3,0.37209316405934006,0.23710336102577104,63,1,1,132.85927658370952,0.04449323153232659,0.1773346275690376,0.132841396036711
C000170,60,105385.71303805658,54,11,67.19403140620983,25,0.13834163546623318,0.28676791307357374,1,1,1,56.65472292765761,0.09650215650014073,0.18328283079263552,0.0867806742924948
C000514,31,52132.805555656145,27,4,116.4437898618187,10,0.2037659623971883,0.05805641106005808,203,1,0,0.0,0.024015137011061345,0.14231455155056294,0.1182994145395016
C000141,54,153754.4440193214,36,6,124.83123994702798,14,0.5969529742797995,0.11371210229123217,256,1,0,0.0,0.03056503295632318,0.16715274352000178,0.1365877105636786
C000174,49,61803.11571105857,13,5,104.23915372314431,11,0.18894378189908487,0.41589794379268713,314,1,0,0.0,0.015021431214799149,0.16217941704625416,0.147157985831455
C000007,38,139479.18515337625,10,5,76.45371260927121,15,0.2860247121193616,0.05923020563556525,156,0,0,0.0,0.03985604383999392,0.11503519938216733,0.07517915554217341
C000657,38,80886.31070071267,22,8,10.318209365103598,14,0.08469085410177217,0.27807273649995456,139,0,0,0.0,0.040837871187839096,0.1327275427236565,0.0918896715358174
C000965,64,46064.206711622886,45,5,84.5916609335818,16,0.4326867678562424,0.14705824687725969,356,0,0,0.0,0.01299572423830518,0.0020170540131384373,-0.010978670225166742
C000074,46,48832.98854054283,28,7,154.2720024593323,12,0.16853616339558503,0.37785854949439185,332,1,0,0.0,0.014337220443410674,0.1559329710470235,0.14159575060361282
C000765,33,61031.266373146245,18,3,43.78089772952664,4,0.11407163361490734,0.017875247649862844,185,1,0,0.0,0.02464826793691531,0.09168309562651338,0.06703482768959806
C000654,29,97162.82178426636,12,4,89.84692645555542,5,0.24488119210998413,0.4315485264501264,228,1,1,87.51019353830618,0.024490218941682077,0.16177562901359235,0.13728541007191028
C000239,61,69982.51650705282,17,4,100.85390345257466,4,0.6618862539087933,0.01747967136428035,296,0,0,0.0,0.020197100285871,0.0,-0.020197100285871
C000146,22,56342.61084054531,44,0,103.28021729022727,1,0.22832377350470118,0.32886216955638536,255,1,1,86.84752694452449,0.015720373342102044,0.15614768848683566,0.1404273151447336
C000809,49,72866.85447442114,2,0,98.61815787626604,1,0.43866596470752156,0.022977445944589524,164,1,0,0.0,0.028599632341763014,0.1010241247492297,0.07242449240746668
C000235,50,63526.57908258725,7,1,69.88450818907344,6,0.1227645449212802,0.5182333640746541,281,1,1,58.05420153589494,0.014122948134480206,0.16212609830196154,0.14800315016748133
C000221,56,42189.55661979243,49,5,74.61360144136795,14,0.1909908598254088,0.375022215763553,271,1,0,0.0,0.017234207316979434,0.1590174020102175,0.14178319469323805
C000501,33,36997.7274562838,39,9,144.46898458458736,19,0.38318766912160607,0.27213060742568124,85,1,0,0.0,0.055011033976535055,0.20997600658384705,0.15496497260731198
C000674,64,99410.03923408918,12,4,71.06296202712474,7,0.096636315542213,0.14672258745472114,135,1,0,0.0,0.03594231562040389,0.0,-0.03594231562040389
C000133,52,200000.0,4,1,104.53693216500525,5,0.4685558559961074,0.4583455867636367,275,0,0,0.0,0.021594972290917003,0.17039370065167914,0.14879872836076213
C000812,28,91248.80983267228,3,1,132.09740306232916,1,0.28350554756886887,0.079833290885958,131,1,0,0.0,0.03412731836274258,0.12508121622185417,0.0909538978591116
C000434,18,68982.67079165275,28,5,85.26910905766037,14,0.2775972055313659,0.4070534170968285,102,1,0,0.0,0.04492330544834127,0.16297825286577342,0.11805494741743214
C000671,60,43591.56587364262,25,6,58.55702042409106,8,0.5457427111252936,0.2029077388784506,113,1,0,0.0,0.04654997664162728,0.21027395066192017,0.1637239740202929
C000186,61,127273.84902238446,57,10,147.37268368213623,21,0.19803606322730766,0.0888035470445086,329,1,0,0.0,0.020651120592395416,0.0,-0.020651120592395416
C000042,54,79809.6078649646,34,5,121.23144648598387,11,0.2946071194363334,0.06645738660837701,7,1,1,124.4164550159656,0.07281897486950144,0.18439827960675448,0.11157930473725304
C000626,52,35432.758749481305,40,2,116.54002648269233,8,0.4708829456134592,0.470975870558804,60,0,0,0.0,0.04593800988029735,0.18030009649544815,0.1343620866151508
C000109,25,62185.86237052666,45,8,132.98461075999245,15,0.019850766107269335,0.4353366965467247,47,0,0,0.0,0.058334651010001265,0.17763917150852854,0.11930452049852727
C000604,27,74393.26293705242,21,2,138.7728812301125,3,0.048605603013658426,0.027089933460433244,284,1,0,0.0,0.014539661028388579,0.058142102225880815,0.04360244119749224
C000057,45,,38,8,121.09195440223304,19,0.25117965707891166,0.540946382061234,157,1,0,0.0,0.04219604668546645,0.1809494983507218,0.13875345166525535
C000429,30,51442.02496600313,24,3,61.52111704219179,5,0.37257664275141383,0.3100516716268025,339,1,0,0.0,0.012704348662773016,0.11354493669980975,0.10084058803703673
C000469,49,53182.3478147612,2,1,111.87206387395143,2,0.4322806981875118,0.5272474672706268,37,0,0,0.0,0.05183224755910389,0.2295321401261743,0.1776998925670704
C000577,48,78739.47669599233,59,9,142.21714410303292,26,0.458295624805571,0.4980573932998071,6,1,1,142.09877264062968,0.09448798515481607,0.2423660253147163,0.14787804015990022
C000878,19,65760.83985024354,37,5,174.19798248288433,8,0.16423653665801355,0.43690004192244214,106,1,1,171.95539456848948,0.04136475639314787,0.20503890770824232,0.16367415131509444
C000025,38,44618.45666989644,20,3,129.86977034286107,5,0.24350970017129248,0.15276843146246227,228,1,1,116.6987883753113,0.02001568733937808,0.12924376753142577,0.10922808019204769
C000441,40,64124.685519241415,26,5,129.20097857456844,9,0.17325085742627128,0.8639809129753864,64,1,0,0.0,0.050516732361655235,0.2270940476648535,0.17657731530319826
C000883,51,109139.87463054585,20,3,121.5595788476724,14,0.3370626079074828,0.027590652131482638,151,1,0,0.0,0.036251582947603646,0.15151036133617382,0.11525877838857018
C000544,18,74627.3003769262,42,8,68.78770174384775,14,0.3279578735892859,0.013566229782040725,32,1,0,0.0,0.07474933425314582,0.17090936576157123,0.0961600315084254
C000634,39,72011.44490914758,19,0,135.8635813525894,0,0.15847211787486712,0.3006544494627261,351,0,0,0.0,0.009924217269747267,0.11326022575429621,0.10333600848454895
C000831,48,120235.02111931844,25,3,58.54689272549336,10,0.2486570298882496,0.5264803543552058,274,0,0,0.0,0.019451528652895643,0.13845789178997897,0.11900636313708332
C000945,59,167745.5297469274,18,4,85.45136719605212,11,0.1870732874632717,0.20736271617400376,288,0,0,0.0,0.01975534052487487,0.11437212902933641,0.09461678850446154
C000339,38,46325.86003163095,55,5,111.14212103269092,10,0.292075046397246,0.5577197581631852,126,1,0,0.0,0.03735467357036066,0.2389678267581507,0.20161315318779005
C000052,67,32747.82220591444,24,0,48.48469990413149,2,0.2695533282491471,0.24015730403402155,351,1,0,0.0,0.008969986539116714,0.0,-0.008969986539116714
C000384,41,49426.8491818746,16,3,56.31663710563095,10,0.40542180189336713,0.25431238095770736,162,0,0,0.0,0.03048400231729086,0.15946935984889382,0.12898535753160295
C000528,38,45912.02000091316,20,3,154.87988990581835,8,0.28948244461149447,0.02418264265954016,160,1,0,0.0,0.028683843685806877,0.06819929577300493,0.039515452087198054
C000939,68,78530.93328434709,42,6,99.78182215000881,13,0.20637610860270178,0.008321789401049611,107,1,0,0.0,0.04558508030830762,0.0,-0.04558508030830762
C000888,47,38549.502908638446,28,3,75.30369245577734,9,0.5331834003559931,0.5733265832107978,22,1,0,0.0,0.06034559157214957,0.2393656258412929,0.1790200342691433
C000265,36,65872.95379612177,34,3,60.560878126239835,5,0.3430717247978925,0.20576029265710563,310,1,0,0.0,0.015167402090149216,0.12240469486920016,0.10723729277905095
C000550,33,26050.905437771486,7,1,49.54358934932386,3,0.11375643328113902,0.16122843311578183,323,0,0,0.0,0.009579389207453827,0.11838451971435815,0.10880513050690432
C000914,19,65804.26903345124,56,9,48.86899875111203,20,0.2862645608906528,0.1263333331338241,121,0,0,0.0,0.04940974796615354,0.1575946733047972,0.10818492533864366
C000698,18,34554.918660074225,46,4,70.14745096336472,13,0.44610616582455215,0.41814151042040487,19,0,0,0.0,0.0603219346039138,0.2232770806073221,0.1629551460034083
C000396,20,67103.65665132059,58,7,79.60516870116328,11,0.4638286198383643,0.04407367863744208,212,0,0,0.0,0.03169946873874796,0.12763936661812858,0.09593989787938062
C000530,53,66230.71741197519,25,5,85.01160029135568,8,0.06881199264244955,0.6636883021496478,267,1,0,0.0,0.018085926087188217,0.15768210985719927,0.13959618377001104
C000869,47,,33,2,102.3892806968169,6,0.11111243020990266,0.03906400779622219,224,1,0,0.0,0.01720854681201726,0.08826829441290435,0.07105974760088708
C000019,19,95338.46372375744,10,3,115.1758572952178,3,0.22120860593102892,0.08979025408165964,316,1,0,0.0,0.014915688845795208,0.07686720806370727,0.06195151921791206
C000732,42,93860.22904947028,13,1,89.45389371254186,4,0.1779727879074285,0.07306419934310698,273,0,0,0.0,0.016301587596390485,0.08227417347286495,0.06597258587647446
C000679,34,20000.0,19,2,89.04452151118797,4,0.1894531325831319,0.44838245550627337,318,0,0,0.0,0.010165565837859741,0.16295271913485618,0.15278715329699644
C000582,52,25140.690597012872,59,11,112.93899439191149,19,0.08684104590645482,0.5651373404237147,344,1,1,107.24001519779043,0.013869636369510632,0.14901533236293832,0.13514569599342768
C000977,32,114345.0852047947,58,10,128.47447485024534,19,0.23168625451913935,0.49230560430857806,363,0,0,0.0,0.01740025009233942,0.14714334899634218,0.12974309890400276
C000368,22,46009.41662237948,32,5,88.4108650456628,10,0.1946596997252659,0.32178257728748966,68,0,1,92.80256928998607,0.04700724626649636,0.19038277066067663,0.14337552439418028
C000084,32,48925.89839009622,4,0,136.37104353705712,1,0.6254208315134933,0.4568314012702472,270,0,0,0.0,0.017265430284064694,0.20112052681287923,0.18385509652881454
C000062,64,123362.70935286919,48,6,70.74277224699182,11,0.16787517221705361,0.7513514590108171,89,1,0,0.0,0.05312893486703573,0.09890596723172113,0.045777032364685395
C000842,38,76523.30876290644,35,3,111.39848673018398,3,0.18177328481449587,0.5891127772785733,292,0,0,0.0,0.015766140730860356,0.14836928570756772,0.13260314497670736
C000273,58,37324.31973496531,47,5,167.15059485312585,7,0.5197548756701067,0.1036140305258898,193,1,0,0.0,0.028927789092338275,0.15211491331861207,0.1231871242262738
C000286,47,145437.2729689449,4,3,99.51048362961932,6,0.09616262309173429,0.21256703436868346,200,0,0,0.0,0.026899640121173414,0.1609593190807945,0.1340596789596211
C000361,51,34225.93025726112,38,5,104.53098727165407,10,0.07013736801504501,0.20991472740651423,227,0,0,0.0,0.01934590152701719,0.070684347164827,0.0513384456378098
C000355,55,130268.12268209213,45,9,88.38251902063143,18,0.12407102917189618,0.3613838770434344,100,1,0,0.0,0.057516306183919876,0.1683028634306468,0.11078655724672692
C000482,34,85528.22522162012,23,3,98.9105219975224,12,0.2329134699303942,0.6883175745579175,145,1,0,0.0,0.0338565913084452,0.23057764271973333,0.19672105141128812
C000279,18,44993.84259128182,51,13,78.18701379472105,27,0.3056811827464516,0.09478282375766607,231,1,0,0.0,0.033141724383006776,0.12452940218794993,0.09138767780494315
C000013,41,128497.13403499326,38,4,50.4310213491357,12,0.3342357992469038,0.06533377927884795,304,1,0,0.0,0.018631297925455557,0.11773067850746757,0.09909938058201201
C000183,45,42010.587543459216,18,5,101.6512767184313,10,0.3340292391694477,0.149994432044893,222,1,1,94.93630157895645,0.023480930673648287,0.15624318107204963,0.13276225039840134
C000369,65,43937.76931304423,48,7,171.7575979635855,13,0.2866070690355028,0.11150254251287722,30,1,0,0.0,0.0640111542126655,0.0,-0.0640111542126655
C000600,53,50386.118475297386,11,2,79.11939515197145,8,0.6050840381707812,0.18601531860965262,322,0,0,0.0,0.014688116768754108,0.14760217081613558,0.13291405404738146
C000631,37,92700.92283259911,47,6,72.8826350451197,13,0.14042112888378822,0.048090849862318694,93,1,0,0.0,0.048738563756139726,0.12027101858831424,0.07153245483217452
C000224,66,81235.27206566703,25,5,63.02271836153553,12,0.19715204438705516,0.15551049846776172,260,1,0,0.0,0.020747603550387527,0.0,-0.020747603550387527
C000972,18,200000.0,42,6,100.17057094119032,14,0.3663024948594578,0.548307588242444,126,0,0,0.0,0.053677480717830454,0.2399054579902683,0.18622797727243784
C000715,36,59413.74891251356,37,3,104.08524024243488,6,0.09846253405347176,0.12477664623793952,157,1,0,0.0,0.02788817171350909,0.11630530898588769,0.0884171372723786
C000778,45,58350.038782963704,20,2,109.27020798323045,6,0.6886704266572653,0.23992022809408858,185,1,0,0.0,0.030775498962944146,0.17706200714767245,0.1462865081847283
C000558,29,101280.4816009457,52,6,89.62057507292528,13,0.709098498886672,0.19553996344842092,143,1,0,0.0,0.05120883654254978,0.1733054589583963,0.12209662241584653
C000466,21,42452.700522444335,20,3,86.19547114970774,8,0.07107476345182863,0.18062490108454768,257,0,0,0.0,0.015794248555484856,0.0900972225973529,0.07430297404186803
C000598,28,91785.60098226639,12,0,106.25990449749744,0,0.42498727585805046,0.41583071723088894,164,1,1,106.95160242785728,0.02971263579228639,0.18554374661622908,0.1558311108239427
C000708,48,36972.42390074604,49,5,120.61201208908359,13,0.2381966851116,0.34567187397496546,257,0,0,0.0,0.018410143106791527,0.160049819493754,0.14163967638696245
C000177,39,66246.7854782435,9,2,67.83825814470882,7,0.38664136498810403,0.02513462505668888,43,0,0,0.0,0.05389037624359802,0.15741735051372538,0.10352697427012736
C000681,24,29950.868690749212,1,0,131.42540911262887,0,0.4397626770675401,0.26990338327427704,259,0,0,0.0,0.015103477057468478,0.1487749214107328,0.13367144435326433
C000854,49,50693.69666141092,3,0,76.10876574731472,1,0.34280401833498153,0.16263547201670916,284,0,0,0.0,0.014121394005372594,0.12029361823547988,0.10617222423010728
C000955,51,52984.47780909265,32,2,62.55188470393591,2,0.49066652907194974,0.01523485257809998,344,1,0,0.0,0.012578952801101329,0.09623905465882138,0.08366010185772005
C000457,32,67778.49211028693,17,3,127.23997468547373,7,0.17384162464779235,0.482815552813487,44,0,0,0.0,0.05106529884434242,0.16808815174586972,0.11702285290152731
C000533,54,142925.9213910915,14,3,128.69868435206473,7,0.29243646163207715,0.38335604998181605,82,1,0,0.0,0.05196992317939361,0.1787505173810255,0.12678059420163187
C000394,40,147175.16764223264,28,4,89.52113595384337,12,0.7162938009430371,0.004420362313433294,189,0,0,0.0,0.04027433727032182,0.15618440991768245,0.11591007264736064
C000164,47,,28,3,118.10434125003951,8,0.19144787850145326,0.0884065844916968,17,0,1,132.40208984518824,0.05571997248526778,0.16708290333219492,0.11136293084692714
C000249,22,66172.64696853854,17,0,138.71644677303874,1,0.5708065776843096,0.1255686315951784,87,0,0,0.0,0.04337418476468494,0.17360104997259168,0.13022686520790674
C000650,64,74091.80551462827,28,1,92.77118251432245,7,0.4825230126210872,0.06161988726418373,185,0,0,0.0,0.027784961095302294,0.0,-0.027784961095302294
C000903,46,86955.13084710842,56,6,51.36975146270983,15,0.2206668812070295,0.531571009744915,13,1,0,0.0,0.07283109844674895,0.22695065320602917,0.15411955475928021
C000685,59,119878.76872230742,49,2,115.51690150832161,7,0.10611185191168829,0.3310292962044102,105,1,0,0.0,0.03927679394650927,0.12107563767071189,0.08179884372420262
C000376,45,75948.26162871347,54,11,127.33081926999783,27,0.32275614739970593,0.12950485754954866,219,0,0,0.0,0.035570638348237114,0.11699610690124554,0.08142546855300842
C000413,19,119752.13413763505,29,9,95.43727341559604,14,0.3129538604986934,0.003762900848896338,339,0,0,0.0,0.019572889970149217,0.14118339436782035,0.12161050439767113
C000075,35,47018.51452408162,59,6,96.73936850240042,13,0.2951318740588128,0.14061799610751338,115,1,0,0.0,0.04149784255741924,0.10186410206531346,0.06036625950789422
C000114,25,,51,6,158.6982988775715,12,0.19603842699390958,0.6710940735947688,89,1,0,0.0,0.044722800274266776,0.20671064931010494,0.16198784903583816
C000584,34,34278.20107323477,28,6,136.68395907911668,10,0.26851674193805863,0.4546885885989585,205,0,0,0.0,0.024934693395019584,0.13121365769103766,0.10627896429601807
C000573,61,45567.37433332156,11,3,107.13283493784678,10,0.13919567957486487,0.025735728212755774,273,0,0,0.0,0.015307773446229486,0.0,-0.015307773446229486
C000391,69,30104.809655670873,13,0,77.38325414335925,1,0.4051729727568574,0.33807741616895964,148,1,0,0.0,0.02560869265832052,0.0,-0.02560869265832052
C000105,26,47687.25218812968,43,8,56.93932252026758,15,0.17839887036341878,0.14404533572156028,37,1,0,0.0,0.06266296304521934,0.09258900095960478,0.02992603791438543
C000115,52,52426.23293450404,53,6,123.72163055621218,15,0.4478036220618812,0.1474539155207097,246,0,0,0.0,0.024206698953818932,0.12261130387764285,0.09840460492382391
C000418,26,39880.07105166096,6,4,129.27137613947997,7,0.16496664659472157,0.38837329514403324,73,1,1,138.70178255509038,0.041977161035082824,0.19854864713724207,0.15657148610215926
C000669,40,36548.801227106924,6,2,131.27624776277528,5,0.32383230889462145,0.211192274002651,279,1,1,134.24092342326753,0.0148358932460117,0.1128911525951525,0.0980552593491408
C000458,60,45254.641834096015,5,2,115.19262324991094,7,0.4773242206081667,0.3047677705997179,254,0,0,0.0,0.018867226218752024,0.15616740747558178,0.13730018125682975
C000410,19,77322.23639238402,5,2,76.41087840585014,2,0.3766722561978231,0.2570375642399339,87,1,0,0.0,0.04481029051315178,0.18129400923624048,0.1364837187230887
C000093,64,90835.24334030917,11,2,128.16170848714478,4,0.5097750489412628,0.24920886218164445,90,1,0,0.0,0.04853546682081376,0.03537332288824587,-0.013162143932567885
C000820,50,98530.45980668649,35,4,87.9375557462778,10,0.3570528326459387,0.4312914548912811,67,1,0,0.0,0.05621021057837031,0.23797989085084287,0.18176968027247256
C000090,33,138734.66421806163,6,4,152.38461338653173,14,0.43708266610476776,0.03778349841956041,130,1,0,0.0,0.04620544607781546,0.14875223051441916,0.1025467844366037
C000337,50,62520.00320768481,21,3,119.76862404343109,4,0.46518506114928976,0.10074100745881194,150,1,0,0.0,0.03480010707610105,0.14726812511462434,0.11246801803852328
C000860,43,60091.450226733905,40,1,69.2360897646654,3,0.2806326562117153,0.45146759069367,103,0,0,0.0,0.03598811915598668,0.16520740926802274,0.12921929011203606
C000940,36,102575.40953650577,37,5,66.20580625760327,17,0.1493444574870301,0.17594964549065753,154,0,0,0.0,0.03551590470259644,0.14407577452136114,0.1085598698187647
C000952,29,44826.785121531066,52,9,96.38041171780631,21,0.18828370198868954,0.41572191097677064,358,0,0,0.0,0.013820279314015749,0.13472701059283354,0.12090673127881779
C000884,55,55427.71701152455,19,4,112.78139461734987,5,0.19946363604471565,0.5077812036727041,180,1,0,0.0,0.027128773005084775,0.15980279409339204,0.13267402108830728
C000621,29,170465.3268761223,1,1,111.15208084036142,2,0.28695822840288976,0.13344670648218876,231,1,0,0.0,0.023748077189903707,0.12426311458714273,0.10051503739723902
C000790,46,81362.43033560089,10,2,46.69523015271926,5,0.03279342891881389,0.5320378172681705,208,0,0,0.0,0.02132696941664084,0.12566106926985965,0.10433409985321881
C000627,58,43923.9654818432,12,4,126.35360718995318,6,0.251010880296966,0.13302034180613279,43,1,1,108.30757809606095,0.05139716705716714,0.13754849610515682,0.08615132904798968
C000095,43,67501.63644919469,9,6,109.20852250337579,19,0.25811434727257837,0.5292674254408916,154,0,0,0.0,0.03623168001182881,0.20882846971874622,0.17259678970691741
C000012,28,39005.49218838794,37,1,102.8119990952156,3,0.32805813714323473,0.21270416898836816,323,1,0,0.0,0.011536508608552595,0.15382617253116493,0.14228966392261233
C000397,35,59509.33042872555,31,6,126.42745507099735,12,0.2597603084753408,0.023770067529699436,308,0,0,0.0,0.0167034113083668,0.1128197613590673,0.09611635005070049
C000546,62,63711.190716167024,9,2,62.64896622245927,6,0.4189651419431135,0.044016668267843596,19,0,0,0.0,0.06082219844351054,0.013950444527973907,-0.046871753915536635
C000044,24,24334.704784279365,18,1,93.92149697187041,3,0.1052875162422653,0.48471494443878826,77,0,0,0.0,0.031481114971345994,0.12917183228759782,0.09769071731625183
C000043,68,40964.87466191889,30,3,89.50444768665616,7,0.3509825802428567,0.7032709632595956,222,0,0,0.0,0.021365718435924805,0.08806753218595077,0.06670181375002597
C000168,62,84982.70325187831,16,3,124.77862466860192,8,0.2199316214495043,0.6366741018404202,222,0,0,0.0,0.02311359866022621,0.05471884737715939,0.03160524871693318
C000417,50,109683.51093736572,50,4,99.84173208672863,10,0.3827752570521467,0.12222379951125006,100,1,0,0.0,0.04966579911642746,0.132205556823753,0.08253975770732555
C000877,31,28642.418341763616,4,0,151.34205267352405,0,0.1520015685852265,0.09521517586732056,141,0,0,0.0,0.023193283616066568,0.126754896154892,0.10356161253882543
C000427,42,82854.54932892576,9,2,83.87269176997768,9,0.2628008563621904,0.3680435953539302,340,0,0,0.0,0.012522992696995682,0.11310503533633083,0.10058204263933515
C000900,68,47011.340420561726,34,9,121.19454281744369,29,0.4944033426048644,0.125529897494408,108,0,0,0.0,0.054416995126599386,0.013270206481171401,-0.041146788645427985
C000981,43,54045.85936075403,44,4,121.08177019813868,10,0.08921466287216026,0.01068868775795095,323,1,0,0.0,0.012681722380935612,0.09427223451089227,0.08159051212995666
C000976,69,72597.01132517493,51,9,62.51332291781559,27,0.40360206942613897,0.009939041214402398,302,1,0,0.0,0.022234628574807427,0.0,-0.022234628574807427
C000688,44,91932.2912676583,14,2,62.73252305592632,8,0.4570081833148999,0.040165532463782676,26,1,0,0.0,0.06418249098216623,0.18561254263940563,0.1214300516572394
C000258,26,99636.60276607309,5,0,119.23837058231727,1,0.28153170365302294,0.08085953425037341,39,1,0,0.0,0.05135205352445492,0.19202830694022072,0.14067625341576578
C000336,21,93612.12915091532,37,6,116.87271190393534,15,0.18412836219642384,0.38924604924638073,268,1,0,0.0,0.021404683745525885,0.15705949377830747,0.13565481003278157
C000016,41,54553.13730987526,40,3,106.28385909190591,6,0.7108323436062598,0.012573189690066305,39,1,0,0.0,0.06463665552616901,0.20813425588299694,0.14349760035682793
C000645,45,69801.9743260375,29,5,78.54337144601837,9,0.03431830272048082,0.1378033304393183,15,0,0,0.0,0.060590521658533805,0.1486406010707183,0.0880500794121845
C000325,42,67048.1788335038,5,0,86.30508104594915,1,0.23210866220140344,0.15329157043611152,112,0,0,0.0,0.032759062577764765,0.0923817760848975,0.05962271350713274
C000775,25,138466.8235310798,47,5,104.31293929325754,8,0.09019550052650785,0.2498295163139242,63,1,0,0.0,0.05645603863041811,0.15211786622274964,0.09566182759233154
C000223,20,27550.755978548717,51,7,113.86787393362613,20,0.18528893108020716,0.0658374329105569,189,1,0,0.0,0.02604462329998126,0.09622000114925588,0.07017537784927462
C000180,59,45645.959449034584,56,4,138.40996911615184,7,0.2919589716792096,0.06801814921639343,49,0,0,0.0,0.05130777664850277,0.14643196066052044,0.09512418401201767
C000661,56,55663.06208599238,34,3,61.1506783409523,5,0.06450710639740224,0.6022885779103817,37,0,0,0.0,0.04827842780929234,0.16697712070224982,0.11869869289295748
C000522,22,43418.08994928321,8,2,69.50426913452193,8,0.22973119936701492,0.20864399595584515,341,0,0,0.0,0.01078917921983831,0.15808217937843194,0.14729300015859365
C000023,55,43337.71524273085,57,7,96.52910551252997,16,0.3962047177854964,0.16465475189698278,175,1,0,0.0,0.03371559921479533,0.12697015585703914,0.0932545566422438
C000357,68,98150.8677222627,27,3,110.3160343944381,7,0.2274764735467098,0.226413758342789,257,1,0,0.0,0.0201072001187553,0.0,-0.0201072001187553
C000962,43,31372.40196867813,49,5,173.82988677527743,8,0.36624689284620665,0.08119304393391656,21,0,0,0.0,0.059239756614831135,0.15205552562289443,0.09281576900806329
C000906,34,130987.2723156907,1,0,116.59005015710956,0,0.6900960285249986,0.029912160160657626,42,1,0,0.0,0.06462558217489212,0.1893809109823305,0.12475532880743839
C000341,37,189387.20518937684,47,5,111.79343968174102,15,0.579544182647768,0.17058659517574046,117,0,0,0.0,0.05847653076976676,0.20906776360733148,0.1505912328375647
C000432,62,132035.54968249158,3,3,92.92133541930464,9,0.3195245305184697,0.04126483754818035,93,1,0,0.0,0.04921787356906728,0.0,-0.04921787356906728
C000774,43,32770.34704157008,19,3,138.5377215605542,4,0.2927677415348634,0.7052675755933212,144,1,0,0.0,0.029082188332608967,0.18896904428573047,0.1598868559531215
C000851,18,53926.56031450315,34,5,78.59577045678884,10,0.21999506892068943,0.013207319857213995,280,1,0,0.0,0.01755194949825334,0.07344977750687479,0.05589782800862145
C000204,26,,21,2,66.96900742349067,5,0.5165051635905445,0.20586810332563,40,0,0,0.0,0.06099761444236043,0.21615432730525433,0.1551567128628939
C000918,65,43202.45933741109,11,4,85.4599822379968,8,0.08276845171853779,0.0765388064492584,26,0,0,0.0,0.05127863801934582,0.0,-0.05127863801934582
C000094,41,20000.0,39,5,63.3058355677173,13,0.4427883526988107,0.17552131005314808,357,0,0,0.0,0.011021071763801996,0.1164228555475857,0.1054017837837837
C000571,27,76811.90609090477,25,3,38.08344859736526,10,0.3443560279255286,0.23056507293960662,80,0,0,0.0,0.047790661210957805,0.17350217763520925,0.12571151642425143
C000069,21,,33,3,118.08892310323785,4,0.26180090470465195,0.023095009535873446,307,1,1,120.74220365323684,0.014643942922501598,0.10312078617963215,0.08847684325713055
C000755,32,138822.33765809436,27,2,111.31101513484039,4,0.2644693116486824,0.1451994030284934,336,1,0,0.0,0.014153608391967996,0.15338838303334043,0.13923477464137243
C000285,48,58959.47343604748,26,4,68.81112764743244,13,0.5296713190292213,0.16313056086040972,250,1,0,0.0,0.02292805813517777,0.12802082085235245,0.10509276271717467
C000928,21,52927.76471403987,51,2,87.87965708095606,5,0.2485184254475592,0.38271085322244824,272,0,0,0.0,0.01591641646249597,0.16251828648288494,0.14660187002038896
C000435,25,81311.93575887947,30,6,87.94087083829112,11,0.17811165743098722,0.881108701724636,251,0,0,0.0,0.022561505547167748,0.20839675492309764,0.1858352493759299
C000154,43,26230.326104152817,30,3,111.70461820040359,6,0.35763679811493854,0.36107293219707165,334,0,0,0.0,0.011315487107796061,0.14476828532323002,0.13345279821543396
C000076,43,48330.62744613746,47,2,88.65170366267775,3,0.04125767876141427,0.41833159646376256,268,0,0,0.0,0.014398009165893668,0.09664702493407318,0.08224901576817951
C000747,52,97152.71487487493,45,2,118.68796809435892,4,0.45759131386181856,0.6005909938876487,51,0,0,0.0,0.05768447377728626,0.2634543500329574,0.20576987625567117
C000447,40,131250.35114245903,41,7,162.71589705914838,17,0.2622661510411775,0.15884245005561287,72,0,0,0.0,0.06381348398072785,0.17239782482886107,0.10858434084813322
C000189,28,111875.55734875411,50,8,77.02764043881231,9,0.3202733959264958,0.5541179006170094,188,0,0,0.0,0.03846469514802098,0.19473118994452412,0.15626649479650315
C000272,69,101612.38837398775,24,4,88.13198880262878,3,0.3342127735630604,0.36135720667721544,150,1,0,0.0,0.037649280191066066,0.008532012014016186,-0.02911726817704988
C000237,36,50025.779177728036,55,4,64.85486775491147,8,0.1538601079151854,0.15828895265358472,192,1,0,0.0,0.024531332647933342,0.1342959244274821,0.10976459177954875
C000488,40,29340.153696473968,38,2,72.27343108059954,8,0.12080397083835226,0.05004555109762733,177,0,0,0.0,0.021223147910528838,0.11599127774028628,0.09476812982975744
C000118,22,72457.1105903051,35,5,95.96856795459813,7,0.2705288549390754,0.46333112644954666,180,1,0,0.0,0.031052196066656594,0.23454494230714898,0.20349274624049238
C000836,54,51507.74630483317,28,2,52.61902901910995,4,0.1564416580795025,0.18327625969315534,345,1,0,0.0,0.01055194222591289,0.0939648176508598,0.08341287542494691
C000513,46,36362.37394791497,59,5,93.00709236888552,10,0.5026381252417612,0.6267010241511375,231,1,0,0.0,0.02372120952463255,0.20974913027578085,0.1860279207511483
C000077,61,73081.16212019736,11,2,65.05601807892633,6,0.2130822118162433,0.2692735063657262,12,1,0,0.0,0.058549491855534,0.010269164130899552,-0.04828032772463445
C000686,26,,35,5,138.00541721701376,18,0.26482097592105514,0.08406789563031768,44,0,0,0.0,0.06038472756963493,0.1520918866866531,0.09170715911701818
C000127,51,24655.11632487884,21,4,98.69411600486,12,0.18797158297801903,0.3292760901839751,74,1,0,0.0,0.038515343152354165,0.14365594576850277,0.1051406026161486
C000117,50,48047.87608163246,42,7,127.15199645078643,12,0.1442775262808391,0.16727621988082964,105,1,0,0.0,0.042662885068690516,0.14496932754863148,0.10230644247994097
C000474,57,104898.42259005956,47,3,112.9403529963329,7,0.29642869905912306,0.6928688841128706,309,0,0,0.0,0.01632509838792651,0.1783310176348721,0.1620059192469456
C000709,36,63246.02724600158,42,5,121.70044656592015,12,0.22635663567052894,0.13934506361066587,284,1,0,0.0,0.017813583839444588,0.11497643013837847,0.09716284629893387
C000058,64,44965.639321143826,53,5,84.16944416749122,14,0.1068772907547936,0.30176842286416083,60,0,0,0.0,0.04662878792779556,0.00403781632014525,-0.04259097160765031
C000690,22,69057.55409315023,48,7,146.51891779773004,20,0.30742382601553747,0.05606888867752573,261,1,0,0.0,0.023277743657642395,0.13875540550405047,0.11547766184640806
C000930,21,79238.2840836756,6,0,130.04591273123202,2,0.5241097542403395,0.2643850992718683,157,0,0,0.0,0.03134487660816121,0.14345644342738606,0.11211156681922485
C000370,36,45449.69012379655,43,8,76.97857580673075,19,0.07171695698703785,0.20013393118487507,304,1,1,58.99779220730194,0.016250862765861268,0.11810696489472819,0.10185610212886692
C000269,37,37815.83533723129,39,6,121.33577360264727,12,0.10953984304850169,0.14309346528140746,355,0,0,0.0,0.011249825348948715,0.1032977358573525,0.09204791050840377
C000047,56,68320.22296968848,19,1,137.1981042186577,4,0.2223017969744145,0.8861728607311266,278,1,0,0.0,0.01527097490887459,0.2555925268734906,0.24032155196461602
C000350,39,37902.55746047625,12,4,132.79368927645868,16,0.2474749719358593,0.3605780498262603,101,1,0,0.0,0.03780908763141339,0.22540705364205377,0.18759796601064038
C000196,69,144096.0057371465,32,3,107.36212183617434,7,0.1844470181070114,0.7082332639098038,161,1,0,0.0,0.03385964798151817,0.07597344199991743,0.04211379401839926
C000320,37,46354.677233783594,25,5,97.99082920832436,11,0.18192876740475356,0.25809842167267544,138,1,0,0.0,0.033434014862586195,0.17058635306727482,0.13715233820468864
C000852,66,126432.38137234791,32,4,54.801615125698184,11,0.2758486574207733,0.20513064385808366,227,1,0,0.0,0.026299886364775916,0.0,-0.026299886364775916
C000707,23,78993.89821777715,53,3,127.54094406039958,9,0.5507576268862954,0.003434502501615017,24,0,0,0.0,0.06893585975641887,0.20103297776564544,0.13209711800922658
C000753,66,40145.3765056862,8,1,119.55133229790738,6,0.29184535691809815,0.06897873210687921,351,0,0,0.0,0.009922478880673272,0.0,-0.009922478880673272
C000264,53,41740.53235520098,10,3,126.7003038047929,9,0.07696165727247706,0.23503580751720193,316,0,0,0.0,0.011801823107959087,0.11784619981927716,0.10604437671131807
C000444,51,,35,6,68.96585928947387,10,0.3100487575018362,0.28325430965876996,272,0,0,0.0,0.0176219660901976,0.16885060143490094,0.15122863534470335
C000959,62,83578.40694160432,5,1,113.3019385190817,3,0.2324194681518848,0.19691030336765467,295,0,0,0.0,0.014686403515726231,0.0,-0.014686403515726231
C000305,36,91040.6071585758,49,3,164.79217781983,7,0.19969921470368537,0.4853985056637124,297,0,0,0.0,0.016059041556829183,0.15425693680909153,0.13819789525226234
C000342,25,50045.13418740428,15,1,87.86335247324813,4,0.09587677165549373,0.10153764078667421,149,1,0,0.0,0.02540982450932907,0.09690877963698108,0.071498955127652
C000614,66,57626.715570825596,9,0,135.01627250941476,1,0.05546888646756753,0.30449540738837777,318,1,0,0.0,0.010624903419446607,0.0,-0.010624903419446607
C000987,62,32996.550681637134,51,5,129.72874561106985,9,0.24360635179347317,0.038588585856346634,173,1,0,0.0,0.02721695866298876,0.0,-0.02721695866298876
C000150,44,128910.67490973594,24,3,100.16907490890559,0,0.2577725136893866,0.3690933234332644,125,0,0,0.0,0.040828309056522134,0.15957708384666466,0.11874877479014254
C000125,25,,20,3,83.41312198918862,11,0.2430744017960401,0.1473060061018475,106,1,0,0.0,0.03559255402774211,0.13392970918035962,0.09833715515261751
C000803,67,40501.938289533966,28,4,95.1007613499548,11,0.48634336765996694,0.19859688442418044,198,0,0,0.0,0.02688423621148545,0.027352012016533207,0.00046777580504775776
C000870,34,24370.035965150102,24,3,148.01485197433175,4,0.3327764574766153,0.2695074158799703,21,0,0,0.0,0.05057757625414302,0.1678278050838008,0.11725022882965777
C000051,31,58049.99737350127,22,3,67.04035110633748,7,0.2972770961663355,0.13387166786488133,275,0,0,0.0,0.017182954312417394,0.11121186894345998,0.09402891463104258
C000354,55,67454.40772069,3,1,108.00099368506217,2,0.0869184947841601,0.08298423917604453,203,0,0,0.0,0.020599880872810908,0.07983598624613003,0.05923610537331912
C000946,39,34561.50116090351,9,1,113.84554139134339,3,0.300817216886066,0.7763353223469278,156,1,0,0.0,0.025247710046039498,0.20409900260258768,0.1788512925565482
C000143,31,,41,6,91.63349087580491,9,0.29630972281885304,0.06414559816954213,134,0,0,0.0,0.04626226236118545,0.14472351972818986,0.09846125736700442
C000471,47,32090.975390537522,40,8,162.96197062151276,16,0.14014045075450318,0.26413325419469297,259,0,0,0.0,0.019577178458706344,0.12315749714609575,0.1035803186873894
C000400,48,46012.3655082726,27,3,83.47849635644275,15,0.239832108257449,0.20753046144892792,62,1,0,0.0,0.04492881572051287,0.11814507866558054,0.07321626294506767
C000717,20,67107.89043596342,41,6,33.09038725680914,10,0.028260687861316264,0.695971277710546,202,1,0,0.0,0.025655325827395794,0.1595291466687571,0.1338738208413613
C000321,52,62954.04090292254,59,2,105.79024570996141,8,0.0755840854079495,0.24720721278056793,209,0,0,0.0,0.020610443388091013,0.11451111011662118,0.09390066672853017
C000020,41,155874.76282965997,38,3,159.72683898832622,7,0.2904617287029185,0.5383698305617891,117,0,0,0.0,0.044686711571852444,0.20799920390311563,0.1633124923312632
C000827,23,103264.36444700885,37,4,68.0801915030334,10,0.2305333415109159,0.15142239121221757,362,1,0,0.0,0.012746382465012888,0.09430743455491555,0.08156105208990266
C000807,18,34558.76675529229,27,0,136.4937933369735,0,0.23252040977000013,0.28598456273086204,27,1,0,0.0,0.04341302747344041,0.1736128132413369,0.13019978576789648
C000826,65,59727.0528246266,26,3,117.76110477459942,6,0.5036310458894292,0.2330973398777937,155,0,0,0.0,0.03430251109714839,0.022413585902412776,-0.011888925194735611
C000408,39,104448.73245586305,34,4,67.60581496920511,8,0.12751152597644938,0.032101285825245726,202,0,0,0.0,0.02662523900647574,0.07249645579473127,0.04587121678825553
C000538,51,74175.02738884003,48,7,82.13730391371872,19,0.10849386294731961,0.3971099188084224,37,0,0,0.0,0.06286297437372679,0.16361131403074852,0.10074833965702173
C000636,36,58296.098131915474,52,4,146.99527380117723,9,0.14245196813666436,0.2893408396926594,351,0,0,0.0,0.011508756722025783,0.13671919079832404,0.12521043407629825
C000039,61,26040.211037375222,4,0,140.72384097049897,2,0.23988247223076536,0.04616544019382141,209,0,0,0.0,0.017031123716716695,0.0,-0.017031123716716695
C000176,68,59280.59503661336,44,6,152.10828829057908,15,0.24676035239617866,0.3310501990210996,214,1,0,0.0,0.02627354133197016,0.014318273689096663,-0.011955267642873498
C000246,34,71388.40169492175,39,3,166.27551900066038,8,0.1793712582091415,0.12201427212637322,5,1,0,0.0,0.06214692917407758,0.1406465138307939,0.07849958465671633
C000846,18,55829.40960305045,53,4,131.08593253036332,10,0.4088323604924827,0.009554255631684024,253,1,0,0.0,0.02107168411433519,0.11488509475264842,0.09381341063831324
C000683,30,100045.96978675244,29,0,90.7396777097565,2,0.28755653999970593,0.20064670127631726,148,0,0,0.0,0.030545967628057943,0.12490983161741062,0.09436386398935268
C000771,25,22142.01070563963,36,7,85.01159220331803,16,0.21613043555614772,0.01993275697999918,84,0,0,0.0,0.04209401629955741,0.1240734616471453,0.08197944534758789
C000969,34,70018.6103265048,23,4,150.79976907221146,11,0.1513574247331893,0.12115901649338016,274,1,0,0.0,0.017515924876360237,0.10191223301299406,0.08439630813663382
C000155,59,90552.50554172159,24,4,135.5176145155412,12,0.3273085398351818,0.10852347477877164,292,1,0,0.0,0.018386799360160168,0.12743406235770655,0.10904726299754638
C000288,52,148497.60664149202,52,5,120.08248573560655,10,0.38530033282177306,0.0902205929810207,79,0,0,0.0,0.0609599713208807,0.1394327444174009,0.07847277309652019
C000618,40,71349.39040591687,34,5,106.06677623775894,15,0.10122228475579592,0.11587234956470466,291,1,0,0.0,0.01657288341110204,0.05615592642302955,0.03958304301192751
C000570,57,73130.55942162525,52,5,122.60213112637557,11,0.4326851170849218,0.1948666164600127,157,0,0,0.0,0.03759324596930232,0.18200921924633293,0.1444159732770306
C000760,40,54193.14270973519,47,5,97.44780475524604,11,0.35099391713821093,0.6936692811915979,233,0,0,0.0,0.023582237125907873,0.21563499494187574,0.19205275781596787
C000018,39,30052.46527566842,21,3,114.58513724397622,9,0.2717293170880107,0.45618033393841,25,0,1,110.01082886889228,0.050165939146764454,0.17993656809606995,0.1297706289493055
C000128,50,126769.02349648654,10,6,87.55892839819099,16,0.22386361097377608,0.1556762541173778,344,0,0,0.0,0.015953428713147557,0.1089454065699245,0.09299197785677694
C000323,42,48283.816794776016,43,5,78.25694625263579,13,0.6196091535016719,0.30562719859360693,65,1,0,0.0,0.05884612102694942,0.2244154159979791,0.16556929497102968
C000256,33,98070.83799119719,10,3,83.01956251789684,3,0.8062537757564681,0.13079326427010265,341,1,0,0.0,0.017685964286325993,0.15760912797188123,0.13992316368555524
C000689,19,87690.08675388375,35,9,115.42144422059403,30,0.17252439172059483,0.03792619640428454,304,0,0,0.0,0.020404572612982074,0.06537879975647978,0.044974227143497705
C000985,41,138282.24006348476,39,5,76.45973837288498,14,0.5087701406279678,0.3543621464935815,133,0,0,0.0,0.04939919099001412,0.21034940038644945,0.16095020939643534
C000191,42,50551.91182276787,27,5,95.93421193063388,9,0.45813216144840535,0.561060814373375,175,0,0,0.0,0.0324917303121465,0.2123523259336296,0.1798605956214831
C000116,52,36780.312085316575,19,0,109.16794381518535,1,0.22642611232820342,0.17388972296544425,58,0,0,0.0,0.037753262565752316,0.17083093634427565,0.13307767377852334
C000632,65,76875.36746966062,15,1,46.047582359265554,2,0.20786792589682196,0.1411556031141506,216,0,0,0.0,0.02104065621817515,0.0,-0.02104065621817515
C000607,41,52710.96451984122,20,4,102.05051330959391,6,0.44846173069584017,0.24040722874589876,210,1,0,0.0,0.026206060027518706,0.1253047122386016,0.09909865221108288
C000181,62,59025.40397689499,43,11,86.6670012123125,22,0.16371152309291587,0.2811896620067202,364,0,0,0.0,0.015444227256846698,0.010082808306888808,-0.00536141894995789
C000302,26,81421.3427725474,58,8,117.47635163509531,22,0.3746345135502602,0.5200457646544119,241,1,1,140.9403648750293,0.02874403272301036,0.18481344507310077,0.15606941235009042
C000941,38,49992.26020023245,35,5,74.08402100812899,9,0.47663262723482297,0.42601355814622544,293,1,0,0.0,0.018402141862386808,0.19383779159231104,0.17543564972992423
C000729,30,32214.380251724906,46,3,75.26544083039465,9,0.17267362385951499,0.0218288928408246,329,0,0,0.0,0.011024110659217743,0.08845799338317513,0.07743388272395739
C000740,64,70053.19747388257,8,0,96.49708006655271,0,0.10026930279485738,0.18852441719580612,51,0,0,0.0,0.04158987808304959,0.005271082710183089,-0.0363187953728665
C000974,66,24877.485126667973,32,6,118.63763361865577,10,0.12297821597686924,0.12566753701945158,52,0,0,0.0,0.04573302234309263,0.0,-0.04573302234309263
C000788,45,111318.01998765237,29,6,106.32445233877573,7,0.4507196448178111,0.31491460239622604,8,1,0,0.0,0.08670348263149255,0.19451292879008222,0.10780944615858967
C000518,66,79888.82278208717,38,7,74.18290631732313,11,0.19748523955228184,0.13759850648633712,144,1,0,0.0,0.040019935880758056,0.0,-0.040019935880758056
C000412,59,107661.53355356559,28,3,67.38278983766003,9,0.1017718149988387,0.037514910186450305,287,1,0,0.0,0.016614584632516242,0.07094389165228014,0.0543293070197639
C000046,26,61460.029430155955,31,2,87.8873389846292,4,0.2978124678310817,0.013032605615498932,351,0,0,0.0,0.011375856541828164,0.06697556734403821,0.05559971080221005
C000927,25,51060.16497449828,42,6,85.92611022027735,9,0.3997747972020967,0.1662492792507734,191,0,0,0.0,0.030741545856159437,0.12378104945947493,0.0930395036033155
C000158,49,31399.91469498497,30,0,104.78824742202494,0,0.2518404978061361,0.39017066206027956,283,1,0,0.0,0.012344500195550303,0.1474293843021015,0.1350848841065512
C000761,28,44858.09690671398,23,0,91.68390653974951,0,0.21260732416770256,0.2576566777605229,70,0,0,0.0,0.036777431659087215,0.12778905571745564,0.09101162405836842
C000172,53,34504.21904953682,42,3,116.03630840368571,4,0.05868785841632573,0.5331453421544313,247,0,0,0.0,0.0158307388262543,0.11169921465994145,0.09586847583368716
C000017,20,38726.938204809856,39,3,88.04479246352459,7,0.45316657436089197,0.595037629141507,241,1,0,0.0,0.020242629125175663,0.251176976141767,0.23093434701659132
C000512,39,,23,6,95.86110703770522,17,0.2894451721159875,0.019134564242385004,255,0,0,0.0,0.020592688329226484,0.08656187109375355,0.06596918276452707
C000049,21,,46,9,129.1426559444862,20,0.09094260023708524,0.45018538684766735,338,0,0,0.0,0.016395690873063733,0.12655076815666963,0.11015507728360589
C000992,20,60442.26788323746,13,0,64.16387478891244,1,0.31283839792126084,0.08502371757263476,204,0,0,0.0,0.021339026234714224,0.11319934604808152,0.09186031981336729
C000858,25,65336.619868692884,41,6,85.14111787356792,14,0.21643982306283863,0.013329850337674915,291,1,0,0.0,0.018105392523247412,0.06080328135524414,0.042697888831996725
C000516,22,82662.49502824967,56,8,50.53072486326091,18,0.33163527937281934,0.79128442100952,248,0,0,0.0,0.027288192138769506,0.2603977533320931,0.23310956119332357
C000912,51,64239.110804101714,5,2,83.56554289820215,8,0.3841204627235715,0.44122152937036796,209,1,0,0.0,0.024060668619665323,0.14950984891786695,0.12544918029820162
C000481,36,66195.01427715199,55,7,151.0469821015857,10,0.3576079950408255,0.3643804931864786,260,1,0,0.0,0.023774510512445547,0.1559752400117704,0.13220072949932485
C000284,40,42214.187011842194,20,7,111.6180190130359,16,0.039505618468394677,0.12221930731198066,9,1,0,0.0,0.06243848603687186,0.1614115909953785,0.09897310495850664
C000735,23,42845.44121918572,1,2,79.86027309194553,7,0.15910678344901075,0.5938429372105611,256,1,1,71.16416274291366,0.01580758770958663,0.17451975583409718,0.15871216812451056
C000670,46,20443.183575230807,22,1,113.89486293636463,3,0.18052874331735222,0.02384402487369144,363,0,0,0.0,0.007739793821222056,0.10997271298842141,0.10223291916719936
C000226,66,144277.9508315303,12,0,76.83046471831497,2,0.34842528320958477,0.45877220227133414,131,1,0,0.0,0.03665564018636247,0.00885382799503108,-0.02780181219133139
C000027,29,61473.450117509376,55,2,107.6112015847544,2,0.1069087918840631,0.028376505331808816,111,1,0,0.0,0.033561790567770866,0.11065424591104693,0.07709245534327606
C000799,42,64143.0031274389,54,5,66.45818716054515,11,0.10178846182121633,0.07795771255892993,102,1,0,0.0,0.04072688574437015,0.11430330740974703,0.07357642166537688
C000438,31,66114.59727244575,21,4,154.22770966576923,7,0.2990419165214602,0.37648973487420284,140,1,1,141.48483743525998,0.035756708736772176,0.20498274553861506,0.1692260368018429
C000970,43,140534.362881589,51,4,100.92025528212127,4,0.16232155037319132,0.5421560250288576,241,0,0,0.0,0.0237264255670895,0.1445565916277102,0.1208301660606207
C000365,45,69333.54779156593,55,7,91.63873227341058,13,0.07598627756142248,0.34414018512028266,62,1,0,0.0,0.05433983591832419,0.1285852306941344,0.07424539477581021
C000230,19,57167.64012890715,50,9,124.80108923144442,18,0.670315269585564,0.4399118984231301,338,0,0,0.0,0.020271701957468746,0.2184218960496233,0.19815019409215456
C000038,68,87360.0534565963,52,7,139.6650143866338,21,0.5368300959147096,0.5079138187707227,135,1,0,0.0,0.04997421621425063,0.12328416281121585,0.07330994659696521
C000986,19,73089.17910460192,4,1,121.33135913192089,1,0.28950626474935837,0.5950654170850798,89,0,0,0.0,0.040143802725927505,0.20575282493795466,0.16560902221202717
C000375,61,39573.77991771539,46,6,101.09416529962627,4,0.2543474094037798,0.12228125651967199,134,1,0,0.0,0.03592978398145246,0.0,-0.03592978398145246
C000470,69,71548.26525384423,35,3,104.23466244073585,1,0.053535676319822034,0.15271631442526987,204,0,0,0.0,0.022498255341912417,0.0,-0.022498255341912417
C000988,43,74936.86030209178,1,1,90.9390693165171,3,0.3143175418310727,0.25654213630511674,312,0,0,0.0,0.013762948528131102,0.1502783764469104,0.1365154279187793
C000868,47,,36,6,97.4486698288593,16,0.16141546217341393,0.2737815681814918,42,1,0,0.0,0.056502730960103956,0.16921012802607088,0.11270739706596693
C000909,37,75514.94877618068,49,6,135.04505204362295,11,0.2653697818182998,0.1896351570908967,121,1,0,0.0,0.043527730318408314,0.17004327509391823,0.1265155447755099
C000742,33,73791.54148016687,53,6,82.26095659910385,11,0.3803424394373842,0.49593559399478004,361,1,1,81.90185256271955,0.01424524318134914,0.1603377024815129,0.14609245930016376
C000195,44,34434.41979209824,18,7,111.95344136536002,15,0.08649502465955136,0.4345991510274558,225,0,0,0.0,0.021745867183488785,0.15531763190612452,0.13357176472263574
C000935,44,61735.00578154087,42,7,152.98719580898216,13,0.34076407098150907,0.23159549431013932,305,0,0,0.0,0.018661546468298134,0.16512493262676872,0.1464633861584706
C000882,55,,47,5,154.344906456153,10,0.17415239617965458,0.47240570468948834,213,1,1,143.55829874584748,0.02212299392717456,0.18850020096062114,0.16637720703344658
C000504,39,33621.38146225872,13,0,80.77949089876681,3,0.1661574982539669,0.04662702302277627,204,1,1,78.51349925862084,0.01770067309849163,0.08141286321371838,0.06371219011522675
C000990,68,,24,1,146.689023865478,3,0.20010681604189232,0.5961383177034507,357,0,0,0.0,0.009382701348027786,0.0,-0.009382701348027786
C000848,62,80988.64237271309,58,5,102.48100010915711,11,0.283238564079052,0.06687662686255327,185,0,0,0.0,0.031161229471915648,0.0,-0.031161229471915648
C000580,68,20000.0,41,5,105.73864780408758,12,0.2959809229298157,0.13053408185860033,137,1,0,0.0,0.03017014806430748,0.0,-0.03017014806430748
C000989,31,109143.14805629646,28,4,79.98875572633939,9,0.2767856616082314,0.3473076548485657,5,1,0,0.0,0.07374887097965975,0.21535041179122189,0.14160154081156212
C000163,21,,55,7,169.63011988185414,6,0.3010557645295306,0.49162207993227963,236,0,0,0.0,0.02490218805062718,0.17408835784252114,0.14918616979189395
C000718,62,118678.09897363576,17,2,156.4241055637995,7,0.15991388280175514,0.0026833687421357645,197,1,0,0.0,0.02577682181464992,0.0,-0.02577682181464992
C000153,32,36172.25449673424,21,5,122.5207838538696,13,0.3423653943029418,0.693029656477291,101,1,0,0.0,0.04114792043010464,0.25825160926515417,0.21710368883504955
C000697,62,36600.028117569986,49,7,114.76718393394565,11,0.3287359724768777,0.26976632567295616,125,0,0,0.0,0.04019348447307355,0.013971661624576782,-0.026221822848496765
C000716,56,79090.24477596828,49,6,121.15519965729153,14,0.4666120953369386,0.41759327782263866,89,0,0,0.0,0.056253961082512544,0.22204424873701845,0.1657902876545059
C000929,57,116564.13460335767,50,4,94.76546480148924,11,0.37979956064730597,0.04971442503081577,5,1,0,0.0,0.07828958618878464,0.1624394975144569,0.08414991132567227
C000112,68,70893.27767482527,59,7,106.78789949706425,13,0.30223524619499603,0.09583324285841853,328,1,0,0.0,0.016806307922418707,0.0,-0.016806307922418707
C000227,34,21186.832035174153,57,7,128.50771581605628,13,0.28116721869701294,0.31230005054010257,114,1,0,0.0,0.03728576445121745,0.16350904741051894,0.1262232829593015
C000704,62,96036.67561979478,26,6,48.99471962143529,13,0.4837220084837533,0.34377067333471356,44,0,0,0.0,0.07258804892481482,0.11087104146347862,0.038282992538663796
C000104,24,67928.44388886773,13,1,69.18647727343648,1,0.5593537914473642,0.0989873967355238,314,0,0,0.0,0.015082292264361129,0.14936906893919202,0.13428677667483088
C000422,46,113700.8064507248,11,2,85.81441621065862,4,0.39291431038243835,0.3241859078107418,18,0,0,0.0,0.06728054506372963,0.19289211607833448,0.12561157101460485
C000420,65,49287.72952525923,44,7,113.71120196789101,11,0.1603517505571972,0.06596367554013627,182,0,0,0.0,0.029808679083233116,0.0,-0.029808679083233116
C000849,30,128988.07760114204,30,7,96.42326931202287,13,0.15930927995387834,0.5871721834171698,225,0,0,0.0,0.02914748416010091,0.18629502307199958,0.15714753891189867
C000587,46,47488.803219833506,41,4,47.66305144305891,11,0.5197316555918152,0.09015848676602134,360,0,0,0.0,0.012736815697790314,0.1028028728293397,0.09006605713154939
C000797,22,66047.16582220305,18,1,139.3625324832168,1,0.29859499570701226,0.1455092290660087,258,0,0,0.0,0.01737776420767188,0.10134424648879185,0.08396648228111997
C000673,35,136367.3220495839,17,2,65.46925871626799,5,0.25732669494478727,0.26677260164644484,89,1,0,0.0,0.046722917536485206,0.15215879659632414,0.10543587905983894
C000120,56,37836.03290909982,26,4,149.76820910294697,7,0.37754885467154986,0.695051607411551,302,0,0,0.0,0.015112908005543083,0.19263205035078462,0.17751914234524155
C000054,43,61438.943796551,12,4,87.19880896807634,4,0.5007756630956062,0.020442067766292548,117,0,0,0.0,0.04337998933693934,0.12355971997200965,0.0801797306350703
C000152,32,48468.01167493035,36,8,59.69589161411326,15,0.1607669788369501,0.37279417634875595,53,1,0,0.0,0.057821160167262756,0.1644624016478989,0.10664124148063615
C000404,41,151063.18984757815,33,5,123.33960034924208,13,0.20745800221873548,0.19198454875287443,130,0,0,0.0,0.04414460346677499,0.12368914546571205,0.07954454199893707
C000964,39,43322.23940701852,34,2,103.81205720078667,8,0.26131155116635224,0.670984650090911,248,1,0,0.0,0.017326911949690427,0.18332955740201998,0.16600264545232954
C000208,59,,56,4,78.20922076068558,9,0.5058966061286069,0.2900218289085071,225,1,0,0.0,0.026826790346451475,0.16543987583232736,0.1386130854858759
C000659,40,51705.43028589703,2,1,117.47130837858255,2,0.28519511216517385,0.09734344734515553,57,1,1,110.26969818286416,0.04370121554410595,0.11734492078853154,0.0736437052444256
C000884,55,55427.71701152455,19,4,112.78139461734987,5,0.19946363604471565,0.5077812036727041,180,1,0,0.0,0.027128773005084775,0.15980279409339204,0.13267402108830728
C000779,54,79321.40515286998,49,7,91.95105468825834,19,0.43113928553151376,0.26258222185025726,286,1,0,0.0,0.022485700322700163,0.1293252534258613,0.10683955310316112
C000009,36,59761.2968502477,54,10,103.03100463948388,23,0.14031931778589232,0.031755168852407485,184,1,0,0.0,0.03508814964464409,0.10684741612365241,0.07175926647900832
C000825,38,60851.41912818795,15,1,131.023299715108,8,0.6973926659755619,0.12773184361006976,66,0,0,0.0,0.0525493939715427,0.16468160060417056,0.11213220663262785
C000037,64,63055.21145711784,55,10,74.81555226181631,30,0.3385241855634498,0.6853422542435225,279,0,0,0.0,0.024618262719359362,0.0978813889122082,0.07326312619284883
C000453,66,74765.1440134507,57,3,48.01379045063111,9,0.3105613886271542,0.4101051846495622,290,0,0,0.0,0.016885778535442247,0.008405457628464492,-0.008480320906977755
C000652,22,75272.26294622694,4,1,114.39990983005113,2,0.20329253726330682,0.4933201123804838,316,0,0,0.0,0.012786000282383088,0.14351393696714582,0.13072793668476274
C000254,28,75993.15750685708,34,4,89.662403927961,8,0.17413950768930248,0.34280529791319864,297,1,0,0.0,0.016076237188516085,0.17274008494981052,0.15666384776129444
C000304,52,103000.61148910207,26,2,63.63830044820315,7,0.09836092685212305,0.3520082270265743,310,1,1,78.56661936185472,0.0139768540082209,0.09020099088343328,0.07622413687521237
C000763,27,43367.30385078805,47,7,87.81726613325309,24,0.5564893772863277,0.10660312288049928,228,0,0,0.0,0.02818929464668184,0.13422435784463668,0.10603506319795485
C000572,60,68352.72598660442,14,1,122.62186381693371,2,0.05391245200353699,0.2675500017779377,356,1,0,0.0,0.009560468477453739,0.10089364631415698,0.09133317783670325
C000624,40,35672.910765378634,23,5,102.04368550421955,6,0.3903074327187307,0.5522975852481796,155,1,1,107.603656019934,0.03237767950945203,0.2053779673200156,0.17300028781056356
C000859,56,65015.88032490732,23,4,85.37927902048102,14,0.4731302248531823,0.126572135954616,290,1,0,0.0,0.018689754495882387,0.11080014829655635,0.09211039380067396
C000759,33,49639.19243286543,45,10,106.9377324155225,15,0.11440203671931025,0.35096476807167365,342,1,0,0.0,0.015454993693696059,0.1178357746383061,0.10238078094461005
C000263,37,77724.77588120622,2,3,41.81783775574376,7,0.5713908105233352,0.2791592561374959,169,1,0,0.0,0.03485524788983294,0.19113990283971463,0.1562846549498817
C000611,65,86328.46090462315,33,3,126.86576612250921,9,0.33050909224697006,0.02507088389424605,119,1,0,0.0,0.0402903738366872,0.0,-0.0402903738366872
C000298,29,81833.00210793839,14,1,58.88322873798971,6,0.12880655509045616,0.2563589781180022,258,0,1,50.68591517360112,0.01667440796440166,0.11504045724796359,0.09836604928356193
C000415,34,55190.2066655378,52,6,75.46887544041782,12,0.17154438869538857,0.2950271544650443,252,0,0,0.0,0.020745234074174904,0.10781449457660001,0.08706926050242511
C000151,26,55442.17650906759,25,2,125.8589426825946,3,0.29303829967907863,0.48469617136811194,230,1,0,0.0,0.020177222859554034,0.18723420254902826,0.16705697968947422
C000862,20,108817.01386319852,48,3,94.7450879266313,7,0.38369475755613464,0.5825096418431897,117,0,0,0.0,0.04362066249444195,0.22470310794814158,0.18108244545369961
C000641,36,82575.22311463523,51,6,66.94676911180679,7,0.49698719264722435,0.2391434373541783,86,1,0,0.0,0.058350287188282925,0.18525188930332923,0.1269016021150463
C000907,27,60967.8476040392,31,5,167.4831275258887,7,0.19347723282851914,0.15699098908581016,169,0,0,0.0,0.0305135202322084,0.11590398848366343,0.08539046825145502
C000551,19,73255.70461184125,14,2,119.71603303888162,6,0.2747963093363333,0.7747305190378239,167,0,0,0.0,0.028714583906431383,0.30125041291187205,0.27253582900544066
C000808,35,20448.29010909542,53,8,28.221755554082108,13,0.41906625293286026,0.4176466768550131,137,0,0,0.0,0.037172979812015984,0.2308198575028038,0.1936468776907878
C000489,26,63968.88349114602,15,1,79.95193000467654,0,0.37596232635343213,0.49305377743036066,104,1,1,70.68308168181474,0.037951929098907995,0.18176297658154822,0.14381104748264023
C000711,56,44418.708364256374,54,5,133.79042597304934,16,0.2631061755932095,0.2167480561318533,361,0,0,0.0,0.011576668242145323,0.11515621581874147,0.10357954757659615
C000148,31,103693.59218321485,31,3,116.99275083963298,8,0.2726835383694232,0.14442901977607822,56,1,0,0.0,0.054796456354140315,0.16959367751369633,0.11479722115955601
C000147,43,61695.254678469806,57,5,138.87481215318076,18,0.07598240168650709,0.4660552477785653,223,0,0,0.0,0.022205229090286396,0.16107879939657477,0.13887357030628839
C000737,62,39514.63207499065,44,6,90.56755649899675,15,0.3444907763795205,0.20656522722876336,21,1,0,0.0,0.06417438506255327,0.03530596477912617,-0.0288684202834271
C000950,22,90216.57499908039,59,8,123.95159416304304,14,0.38115204841661177,0.19516598035707933,126,0,1,112.25155729864441,0.05110644835589666,0.1707799319208823,0.11967348356498565
C000756,48,45492.63484737797,46,5,71.61910520947117,16,0.26028901580250197,0.7098832506546615,103,0,0,0.0,0.040943771581475864,0.2142248980548271,0.17328112647335125
C000660,33,119366.4256108964,24,5,115.48794748839995,15,0.1940615457967129,0.3683537960931652,131,1,0,0.0,0.04172900215201785,0.1626487958893183,0.12091979373730044
C000349,68,30634.269686460368,6,2,45.89788797318218,7,0.14867493083953814,0.11069627441978709,344,1,0,0.0,0.00953086453507124,0.0,-0.00953086453507124
C000464,22,,35,2,95.55419375852455,2,0.24001364881072332,0.1623746347257188,101,1,1,93.34291147938333,0.03371430409212797,0.1508969921154365,0.11718268802330853
C000326,46,47227.21197648359,51,7,138.5331115833215,20,0.33282769782619875,0.14618263660524441,263,0,0,0.0,0.02166833623279412,0.09329433970512499,0.07162600347233086
C000187,37,20000.0,21,5,61.09498458496081,13,0.5319963899345623,0.3047728254218482,209,1,0,0.0,0.023840039882966946,0.19133939392065463,0.16749935403768768
C000124,26,153353.00230662225,37,5,91.25531736239944,11,0.4242415760187129,0.07656194413460403,15,0,0,0.0,0.08403572787857522,0.190432929058776,0.1063972011802008
C000871,65,78655.37172834328,39,9,127.24666379787851,13,0.20385054187461385,0.002830047569447254,136,0,0,0.0,0.04576177812124029,0.0,-0.04576177812124029
C000609,66,57889.95799642965,3,1,44.2756365200979,2,0.32281914989311433,0.2638611300958982,216,0,0,0.0,0.021056054518242225,0.01168905508544063,-0.009366999432801594
C000144,20,46466.737033432735,54,10,161.59420551223621,25,0.5391792517375055,0.08423879626833526,32,0,0,0.0,0.08278707971526106,0.18141143557425787,0.09862435585899682
C000979,39,55986.83479948855,21,2,102.67302300111629,7,0.6513115984074744,0.29247101751953974,96,1,0,0.0,0.04601302596116078,0.20814134130894804,0.16212831534778727
C000198,58,113309.39768265987,11,1,96.33029853601765,2,0.35693748984178486,0.10110904606598767,141,1,0,0.0,0.035130897463515096,0.15900769635127898,0.12387679888776389
C000610,52,58893.65995118653,44,4,57.59455080408416,8,0.2068385904821778,0.22131273770728044,97,1,0,0.0,0.041137064320593934,0.16243873988780813,0.12130167556721419
C000280,28,63774.24781127662,49,9,96.95092456812841,18,0.08464783246678087,0.17946107701069008,44,0,0,0.0,0.0642233009311698,0.1603545542281479,0.0961312532969781
C000294,66,27364.10730480128,15,2,88.68646378919657,2,0.24417594378109483,0.0073962525196465245,1,1,0,0.0,0.05198228562030532,0.0,-0.05198228562030532
C000401,20,46975.43666582063,5,4,81.5090371245298,4,0.309731236181086,0.1868153429643276,66,1,0,0.0,0.04798857770569662,0.1832384841539076,0.13524990644821097
C000123,24,73778.1054767991,29,6,96.67625572936673,13,0.398031319089479,0.36825102491275047,35,0,0,0.0,0.06925586744733543,0.20697425930568897,0.13771839185835355
C000184,45,63279.38951602018,58,3,85.70806718195455,3,0.16249713527869714,0.32457945068166255,350,0,0,0.0,0.011299375763689485,0.14371828853016577,0.1324189127664763
C000203,44,32566.38618405468,7,1,118.73746927951731,2,0.2697155692574666,0.08478922925508739,344,1,0,0.0,0.009748064052797946,0.13653124804399938,0.12678318399120145
C000439,29,102633.09428925195,28,5,108.98597509129635,12,0.19437984972772931,0.04451043110796275,94,0,0,0.0,0.04838445226968188,0.12537180455796398,0.0769873522882821
C000247,55,45808.27364460108,22,2,89.1085040893426,5,0.04406994073944428,0.003860946102310518,125,0,0,0.0,0.028735188871650906,0.11510614848663608,0.08637095961498517
C000416,57,64566.868353485894,38,2,166.1255850365867,6,0.33258122518330807,0.07873757242399053,180,0,0,0.0,0.027051894474113627,0.11705768285518413,0.0900057883810705
C000793,52,110045.44449081643,11,2,123.23741493195224,4,0.1302460622314988,0.13518198001736795,291,0,0,0.0,0.015795588982377193,0.052252554799986306,0.03645696581760911
C000782,44,37864.26402956375,58,9,102.44046650040293,14,0.39143223949040135,0.6583220020307387,357,1,0,0.0,0.014848641281050982,0.21166910120079743,0.19682045991974645
C000924,48,41097.488720210815,54,8,135.62923418076718,12,0.20337017756742282,0.5736375929474596,301,1,0,0.0,0.017250212112046633,0.159115117134268,0.14186490502222138
C000785,50,56754.30608017935,41,7,97.13582067141704,8,0.25180501215456447,0.06796967616732227,224,0,0,0.0,0.02611570135661409,0.13357691534238225,0.10746121398576816
C000905,27,115032.5586423081,38,2,116.12755921131416,2,0.18266274769317636,0.10119214179951266,79,1,0,0.0,0.04578073182278901,0.12217973039505013,0.07639899857226112
C000130,40,58355.41910142864,36,4,42.84008642647194,12,0.23390487655614195,0.5095562147854833,38,1,0,0.0,0.05508894620226833,0.20476157288221203,0.1496726266799437
C000638,53,101460.72321832145,22,1,87.8293486058124,4,0.4260622139404841,0.6735113654557423,148,1,1,84.22736952096305,0.034375227774528005,0.2537723634082594,0.21939713563373142
C000403,63,84376.6164584502,3,2,103.78186984010216,7,0.24783839414616282,0.0822916648849796,140,1,0,0.0,0.033200463183470724,0.0,-0.033200463183470724
C000801,27,85489.95644527145,57,5,97.5811357465057,16,0.29493265934282037,0.006525423416278883,328,0,0,0.0,0.01574660657099289,0.09154285866572243,0.07579625209472954
C000787,30,41536.792092659045,2,0,62.4905925112206,0,0.25993689109375784,0.20370423034323992,204,0,0,0.0,0.019319718500027266,0.13457735521550784,0.11525763671548057
C000736,61,68981.726992848,40,1,104.0515949743668,4,0.5833857679328899,0.5309457320679815,131,1,0,0.0,0.03736487375786549,0.09656614754502332,0.05920127378715783
C000931,42,75360.89060935048,59,10,86.01367653418208,23,0.20040416966047744,0.24465155879308553,52,0,0,0.0,0.07058453238671034,0.16654046995768795,0.09595593757097762
C000220,29,101377.29745774946,24,3,86.40451073111325,4,0.32876177026663095,0.17787701828206476,272,0,0,0.0,0.01975775067070988,0.1199485066684937,0.10019075599778382
C000642,29,33880.58396318605,38,4,99.55066679111108,4,0.061899690203227505,0.638218010802369,108,1,0,0.0,0.03270782230770451,0.17687527449205814,0.14416745218435362
C000933,49,43492.36680857457,53,5,189.37164891404166,11,0.27741958776141695,0.17942278841850248,151,0,0,0.0,0.03247792171936039,0.15770287894207966,0.12522495722271926
C000853,57,64629.973601775455,3,2,54.63106024948013,6,0.13822910780237047,0.1357785306957337,286,1,0,0.0,0.014635603115953674,0.1291288213694219,0.11449321825346821
C000824,18,38287.00606256902,45,6,129.50445686635572,14,0.19525330525419116,0.7038678223998822,226,0,0,0.0,0.022188216657071182,0.18300146429998673,0.16081324764291555
C000938,67,77343.95636607296,37,5,78.37798038473707,12,0.2814819004237564,0.12064048631280133,354,0,0,0.0,0.013492843277658728,0.016529564563112838,0.003036721285454109
C000625,42,81510.4729751309,47,8,114.51336502008334,22,0.40590153382527644,0.2876632438331838,101,1,0,0.0,0.057091848402940466,0.16275814223943513,0.10566629383649467
C000856,45,51578.74757671659,44,6,87.3160343617041,18,0.30649181985940976,0.5703990512084988,109,1,0,0.0,0.043707808010435244,0.17510325894790338,0.13139545093746813
C000951,58,92257.29020419817,47,4,97.5722514015459,10,0.20305802926027008,0.24359654558172564,300,1,0,0.0,0.016692550016540793,0.09907169382409658,0.08237914380755579
C000387,63,83397.36370043221,55,4,142.91088397355065,10,0.4188464712993721,0.16086993178557082,151,1,0,0.0,0.037569907829730416,0.0020065112120121395,-0.035563396617718276
C000993,64,40524.04111119536,47,4,75.01986540943169,3,0.09072331900740355,0.10265862466829691,162,0,0,0.0,0.02642501212359406,0.0,-0.02642501212359406
C000510,68,21616.937004566214,59,8,140.7197398577933,15,0.46711024624381026,0.27720078108018187,356,0,0,0.0,0.01320125708007797,0.010282599242868645,-0.0029186578372093243
C000268,36,29696.049212079746,51,5,151.33321875031152,11,0.42812890373733836,0.010649396255667519,205,1,0,0.0,0.024961621037480952,0.12203049014611494,0.09706886910863399
C000837,54,44238.190794786475,21,3,85.90052280009975,5,0.4976071242830672,0.012387774203338708,223,0,0,0.0,0.02318745543691576,0.1333675089487466,0.11018005351183084
C000442,32,42278.73135480395,33,3,118.7168782922973,6,0.3979959535568411,0.06960254033971726,4,1,0,0.0,0.0627054163870801,0.18277832035893785,0.12007290397185774
C000497,42,27177.60124679109,14,7,122.12877790391508,20,0.3543595067688444,0.26438905675331315,35,0,0,0.0,0.05898109740199614,0.1770310602139284,0.11804996281193225
C000113,34,100797.59884294879,45,4,104.1368732762472,8,0.3746829649718926,0.46789101659032145,171,1,0,0.0,0.03464173201473623,0.16496874841253148,0.13032701639779526
C000692,54,58151.286251966274,20,3,88.36714651880433,6,0.31479386629400463,0.051439573003768065,61,0,1,86.02348630160995,0.04892064216182187,0.14631899609605942,0.09739835393423754
C000233,54,58881.515389863984,42,1,100.96762687182871,6,0.33431552027251793,0.006242505872825541,93,0,0,0.0,0.03859988422580912,0.09887152531523564,0.06027164108942652
C000887,35,48072.17063642014,18,0,150.33369264236507,2,0.2365228872789524,0.15083503918129007,15,1,0,0.0,0.04905087825962623,0.17535396053494956,0.12630308227532333
C000608,52,54389.41934877101,37,7,151.01287889377278,21,0.1305383019372005,0.67278838215084,121,0,0,0.0,0.04019831820588828,0.21011374866673252,0.16991543046084423
C000672,28,30963.208142235573,18,1,106.62692968244163,2,0.1972195186488202,0.24197948796096164,175,1,0,0.0,0.021410413774443252,0.12988039197248497,0.10846997819804172
C000374,34,45104.02169392896,6,1,112.63254970659419,0,0.10368788009160805,0.7806123757728575,306,0,0,0.0,0.011557837206264071,0.15304847167766,0.14149063447139593
C000738,49,,19,4,52.132982613333176,6,0.19567715611812805,0.04638100940143694,78,0,0,0.0,0.055138914513746515,0.13283586032628925,0.07769694581254273
C000860,43,60091.450226733905,40,1,69.2360897646654,3,0.2806326562117153,0.45146759069367,103,0,0,0.0,0.03598811915598668,0.16520740926802274,0.12921929011203606
C000234,49,104167.01278411823,57,4,154.49818490666416,6,0.20636454235742868,0.31568070384802704,260,1,0,0.0,0.020835870596132833,0.1369453830964341,0.11610951250030126
C000802,47,96804.71682432404,39,5,123.98834878168732,5,0.436373254830683,0.08700264525156626,110,1,0,0.0,0.04975169316587455,0.1659037196168296,0.11615202645095504
C000677,27,98025.46635891916,27,7,111.23456732773857,16,0.22935405874359915,0.17063400862773515,359,0,1,131.31412828636178,0.014837013713196854,0.1404066669896862,0.12556965327648936
C000318,55,60899.35795016055,52,5,123.70046226934537,20,0.12101937858297244,0.2800681760062395,55,1,0,0.0,0.0509290348060076,0.1235956834707492,0.0726666486647416
C000649,36,70458.44968808173,7,0,149.87665243342067,2,0.13775678720885035,0.10583338576881739,282,0,0,0.0,0.013754740008039144,0.09759251319799907,0.08383777318995993
C000411,44,102276.70219756925,35,4,120.71891709270278,10,0.14238468949217759,0.273860116404143,96,0,0,0.0,0.04454550552651818,0.16540142903156121,0.12085592350504304
C000916,60,36912.031062766924,59,4,47.1627226409007,8,0.23221857421264072,0.17404169605460956,24,0,0,0.0,0.05393213515677643,0.1949608405114458,0.14102870535466938
C000710,61,30794.36795832699,43,5,149.36145498121402,6,0.3198807050431531,0.10019660899629532,324,1,0,0.0,0.013294805837500178,0.0,-0.013294805837500178
C000359,44,58534.28830443643,43,5,107.97797758954788,16,0.29374436422699346,0.7123185011594696,324,0,0,0.0,0.014896654792400713,0.19481502519055163,0.17991837039815092
C000259,23,23900.692814131093,2,2,55.52757576823382,4,0.5122007572294239,0.07488103689229801,105,0,0,0.0,0.03500869157332977,0.15015906515687943,0.11515037358354967
C000745,54,61328.84569279176,48,6,62.73462790814519,9,0.3932644148434431,0.667634307174799,55,0,0,0.0,0.06079522211361943,0.2457471456071386,0.18495192349351916
C000628,47,156234.8367575203,54,7,69.56875132054151,9,0.6391361331561788,0.30074449083600263,193,1,0,0.0,0.04446519304477554,0.1937215581590208,0.14925636511424528
C000633,42,64686.596408242185,41,3,10.0,7,0.23506327044234807,0.13880401685966448,163,1,0,0.0,0.029427338038597307,0.12516820804507858,0.09574087000648128
C000283,67,106589.0968309309,21,1,133.69159592579388,0,0.428204298459873,0.3447643040487396,244,1,0,0.0,0.02178503443601532,0.012369537803489272,-0.009415496632526048
C000377,47,45523.698662252944,19,1,124.31733760990015,5,0.2523140846804605,0.05716704280707148,319,0,0,0.0,0.011686092005019919,0.08102245471288656,0.06933636270786664
C000385,46,69219.12917477828,1,0,120.08867897140853,1,0.07423908250093765,0.10289741141295519,36,1,0,0.0,0.04403108191718738,0.13559948979679332,0.09156840787960593
C000225,54,31630.754341996962,21,3,93.90457790137359,8,0.32012962591905475,0.09851488891606099,152,1,1,108.67370086447627,0.028153838687684243,0.1022863783499134,0.07413253966222916
C000974,66,24877.485126667973,32,6,118.63763361865577,10,0.12297821597686924,0.12566753701945158,52,0,0,0.0,0.04573302234309263,0.0,-0.04573302234309263
C000966,47,80441.2071476193,22,3,128.58279067582572,9,0.34717905829407064,0.21166686869552284,353,0,0,0.0,0.012788856217785726,0.12286198806617113,0.11007313184838541
C000473,52,,28,5,100.8780695171448,12,0.4088507413099552,0.40808988911787664,238,1,1,101.03160403470457,0.02395514463035419,0.16445659849976463,0.14050145386941043
C000348,29,52114.97095113634,20,1,68.313278779959,4,0.38152241769356093,0.11045827900461398,281,0,0,0.0,0.015429064062837594,0.12336227372598915,0.10793320966315156
C000506,20,93039.64638350008,18,3,115.9982080835078,7,0.446377715132747,0.15971051930729369,215,0,0,0.0,0.027182830929274548,0.17831954138183845,0.1511367104525639
C000640,58,108620.45212035016,21,5,112.75399740141165,17,0.27308529454358194,0.3657211834724572,259,1,1,123.80269694839875,0.022903626906610235,0.1598414845126731,0.13693785760606286
C000514,31,52132.805555656145,27,4,116.4437898618187,10,0.2037659623971883,0.05805641106005808,203,1,0,0.0,0.024015137011061345,0.14231455155056294,0.1182994145395016
C000798,64,51407.61586787086,51,3,128.08307305590853,5,0.3062928577161932,0.27648557869396556,300,0,0,0.0,0.014901189546770117,0.0,-0.014901189546770117
C000947,38,53716.367510566975,49,6,51.16306460253845,11,0.2504214620875927,0.08104234988332971,25,0,0,0.0,0.06383737812034711,0.1649155416181466,0.10107816349779948
C000923,33,98727.98133785537,46,4,45.388058557844936,11,0.10685249013809836,0.46909772076754047,28,0,0,0.0,0.060058154352772244,0.20847157107283104,0.1484134167200588
C000620,54,,32,7,80.17316989041451,9,0.5520306467673336,0.5697956122762526,160,1,0,0.0,0.033658787655262895,0.2244468964699672,0.19078810881470432
C000873,40,44974.21663326833,56,9,99.93082637887524,14,0.12137249703259331,0.15867500486227945,221,1,0,0.0,0.026198623649646972,0.1273353809457779,0.10113675729613092
C000821,51,54974.238460435285,43,6,97.73470082299578,9,0.24333437417682188,0.04303967292580838,50,1,0,0.0,0.05682022995826543,0.1292269424430408,0.07240671248477537
C000646,31,41149.28852632715,51,7,97.10111391409983,10,0.41915237714466747,0.042395985733961146,211,1,0,0.0,0.028349491557058185,0.1121107750739587,0.08376128351690051
C000864,29,28556.81403913123,58,8,108.63092821035153,23,0.2836286062924543,0.041608799904453625,310,0,0,0.0,0.01598152692437325,0.05602971639255509,0.04004818946818184
C000557,41,67125.93429743117,47,5,95.42499789549063,11,0.3787822447137124,0.23042830313911677,171,1,1,111.0538960922724,0.03367646794954654,0.1686177276981029,0.13494125974855636
C000978,64,,49,4,94.6282367184656,6,0.5541673014893483,0.24017291709730604,269,1,0,0.0,0.022662202293530793,0.0,-0.022662202293530793
C000578,63,49850.94216249766,14,4,93.15720304008897,13,0.15870854032939444,0.08779409798395085,278,0,0,0.0,0.016123177882411827,0.0,-0.016123177882411827
C000796,68,73039.72578151792,14,6,82.36702285086521,14,0.11505791812825453,0.03335769344612743,145,1,0,0.0,0.03585789444624054,0.0,-0.03585789444624054
C000086,31,36244.99876805272,48,4,68.90905347603713,8,0.129060429513429,0.01512146116343753,120,0,0,0.0,0.03230127488181213,0.09912734734517892,0.06682607246336679
C000243,49,65351.29663631853,58,7,35.82657626707447,9,0.22793552561885547,0.44459640035179626,47,0,0,0.0,0.061949666576031064,0.17183538108050977,0.1098857145044787
C000699,39,65646.98260167964,49,1,86.5720842845076,5,0.0838461445482121,0.45257349233274385,119,0,0,0.0,0.03080994497389134,0.15526564813184168,0.12445570315795035
C000160,66,138221.2033766929,28,6,183.58149813439974,18,0.2839718312640065,0.07928390644185357,22,1,0,0.0,0.07837397408102008,0.0376892909512294,-0.04068468312979068
C000525,43,93872.8467341836,30,2,85.28287495342403,6,0.049136517045769074,0.6189141175624392,109,1,0,0.0,0.035762143685647826,0.1643006494963341,0.12853850581068627
C000036,32,36802.54277088911,58,1,108.35074499336088,1,0.1411433759328875,0.18392258732812056,118,1,0,0.0,0.02845069236562136,0.1040865785523187,0.07563588618669734
C000541,27,59273.7928259494,46,5,127.07980868147457,15,0.3967879731997791,0.023006881140750536,64,1,1,131.24377126891355,0.0553270334131533,0.1462901659568579,0.0909631325437046
C000171,46,52452.09185798335,31,5,89.76070461370455,7,0.1828852267377238,0.3298704428360929,287,0,0,0.0,0.01656137679102188,0.11495398360950831,0.09839260681848644
C000655,42,108753.05991087228,45,4,120.88408725908704,11,0.15093134338411882,0.2747513296020778,101,1,0,0.0,0.04418736706119852,0.14192476623992137,0.09773739917872284
C000908,34,41166.94493982794,4,1,72.77159400300755,2,0.48032221646040574,0.3876975676520315,249,1,1,69.64592342279428,0.018097532725675446,0.16668976701884397,0.14859223429316853
C000875,54,45659.98616475771,37,5,107.20343493165586,19,0.1249012851764121,0.18869717343074383,10,0,0,0.0,0.059765008305968904,0.13844831973215305,0.07868331142618415
C000865,18,20000.0,59,12,94.08557857124761,20,0.08505966372728542,0.4815731982300659,29,0,0,0.0,0.06382076657750822,0.22411657014538972,0.16029580356788148
C000963,64,73272.73228386135,13,3,122.22269135509322,9,0.18092125188740166,0.0920238008935904,143,0,0,0.0,0.032354700959749495,0.0,-0.032354700959749495
C000734,55,111968.27794676238,45,7,89.82764879119455,14,0.3205962270282088,0.08303963858948742,204,0,0,0.0,0.033945519204552535,0.140370993710236,0.10642547450568347
C000096,42,88215.01257818562,26,4,62.890032959138125,10,0.098381843559716,0.11251239817609836,218,0,0,0.0,0.023493485595051256,0.11528677098128028,0.09179328538622902
C000564,60,93333.07353702936,40,1,108.94813313802965,3,0.09747648193606098,0.6958086723821193,190,1,0,0.0,0.023512460988440214,0.18800696450712315,0.16449450351868294
C000241,49,30577.114933541638,34,5,15.030450445922398,11,0.1520381503799974,0.4924085227037954,341,0,0,0.0,0.01123597348516143,0.15802020165390315,0.14678422816874173
C000743,38,54691.08590394999,45,5,117.91217683034075,13,0.30538808586782745,0.137039225467425,266,1,0,0.0,0.019658899975928304,0.11864173319705124,0.09898283322112293
C000575,30,59238.25465694978,35,3,57.000282148579466,9,0.24678348733853436,0.38396082676166915,206,0,0,0.0,0.02359830119808998,0.18108980765581234,0.15749150645772236
C000691,46,63208.9000110625,45,4,65.76291349465816,6,0.265600225368774,0.845583541640244,59,1,1,60.43154081726056,0.05140163709636456,0.28870646076287726,0.2373048236665127
C000461,25,83050.19227277624,30,1,45.7546623240952,3,0.2512597187083537,0.7783290022468816,56,1,0,0.0,0.04729567649844717,0.24596159767158798,0.1986659211731408
C000554,49,131806.89619347916,55,3,66.0531218036101,11,0.2766964498336867,0.5827023592483863,11,1,0,0.0,0.07091035298045588,0.22456442029359563,0.15365406731313974
C000896,41,100916.8495434793,49,9,59.91991322695216,14,0.02623306146962586,0.3574494233570915,205,0,0,0.0,0.031632435726419036,0.15585398603368783,0.1242215503072688
C000207,68,85611.92175799007,44,4,115.2993075172099,11,0.19179962176155418,0.22762845588893008,281,0,0,0.0,0.01795903167572979,0.0,-0.01795903167572979
C000393,49,59014.3760320482,4,1,78.31344396771506,3,0.262611699438754,0.16808079727959974,27,1,0,0.0,0.05114736451049612,0.13095662038261946,0.07980925587212334
C000795,35,191331.84563854916,10,3,73.85193405528099,8,0.23940922678344476,0.8150311694906185,306,1,0,0.0,0.018129871309148587,0.21773678994648835,0.19960691863733976
C000398,42,108694.50044294982,59,11,97.10960105517123,27,0.674356398611635,0.04852911228677959,75,0,0,0.0,0.08846538997640344,0.20135948226604705,0.11289409228964362
C000767,55,67439.94634636745,2,3,86.58346555813432,5,0.3658637985237106,0.5010643524357493,13,0,0,0.0,0.06463231390361823,0.24318970057718514,0.1785573866735669
C000866,61,95727.39511525628,57,6,54.81733464819474,10,0.3169279253303411,0.407862090311682,27,0,0,0.0,0.0726525555593594,0.05980936731841871,-0.01284318824094069
C000218,66,54701.62924038809,26,5,111.56409325100577,8,0.08536365146768185,0.4738948222707138,276,0,0,0.0,0.016801479977583824,0.0,-0.016801479977583824
C000005,60,43425.99044755158,4,0,23.08138096060334,0,0.26082476947867833,0.17072164808669804,35,1,1,30.177391174618137,0.044244096793108284,0.15266125714641454,0.10841716035330626
C000769,41,70794.73817171784,30,5,103.19604901161341,8,0.07458349667885603,0.6126339489527957,340,0,0,0.0,0.012828735650201012,0.18123855320547508,0.16840981755527407
C000643,26,135783.31300441196,20,3,70.60483682375524,12,0.15086512789512319,0.2173729787536262,117,0,0,0.0,0.04070842595256798,0.12084533942640802,0.08013691347384003
C000915,30,30593.31183108194,24,5,37.782819850850615,9,0.30961603945855376,0.1579976406488055,227,1,0,0.0,0.021280783805940395,0.11797526139534154,0.09669447758940114
C000613,35,86545.00787140035,9,4,94.07897178971533,10,0.19141217485121356,0.19435761004863833,106,1,0,0.0,0.042105245085063095,0.11835826496562903,0.07625301988056593
C000739,62,33133.51648539449,12,4,101.03145466773805,12,0.2524301930067004,0.17908791418897113,335,1,0,0.0,0.011761641175589433,0.0,-0.011761641175589433
C000547,21,81540.80327049491,28,4,134.22576960104843,8,0.3955675292808971,0.1216409221288896,106,0,0,0.0,0.04589576293068057,0.1598932442398439,0.11399748130916335
C000726,56,43072.903204516,39,6,112.32023756259403,8,0.5733950068204269,0.03951122985559676,52,0,1,108.29080687649899,0.06278901575743201,0.17942965246473175,0.11664063670729974
C000684,57,,45,3,146.34954386147098,6,0.37693928901547263,0.11697179165360863,225,1,0,0.0,0.029049577111601273,0.140078296218203,0.11102871910660173
C000099,46,71064.84470739192,57,5,69.23998328402642,16,0.17666735832540534,0.11155544841205407,66,1,0,0.0,0.05110807655925898,0.15321754131240956,0.10210946475315058
C000805,22,23956.552462112086,20,2,65.21138165380604,3,0.38776098230827444,0.06710168400771516,359,1,0,0.0,0.009487233194284362,0.11317346867606208,0.10368623548177772
C000728,20,143902.0606515657,11,3,65.94686436352865,5,0.28830931876078225,0.16098070418660798,147,1,0,0.0,0.0380733603680125,0.1426328750313342,0.1045595146633217
C000574,46,42885.46160850582,53,5,70.12156027650303,8,0.18259874189950187,0.3896179448138715,148,1,0,0.0,0.03138921036255955,0.1745576761616971,0.14316846579913756
C000407,64,80613.97145207455,20,1,125.83553613291343,6,0.3629839798464587,0.046832136854976336,29,0,1,133.0904518555436,0.05636036350000073,0.0,-0.05636036350000073
C000503,22,59892.02110602503,35,1,95.43106064517559,3,0.5180165780228955,0.19139665724118496,362,1,0,0.0,0.011375106501628752,0.16353876131014028,0.15216365480851152
C000048,35,38175.20609078286,49,4,100.02162720807928,7,0.507398051986845,0.16187382910573717,334,1,0,0.0,0.013785340067952675,0.14761118023670572,0.13382584016875304
C000033,59,44968.34945839544,24,3,95.2647393687975,7,0.08052361843476118,0.4313265879369395,304,0,0,0.0,0.012730391286407171,0.11638754464656577,0.1036571533601586
C000780,58,62324.04197979019,33,4,105.23629179859307,8,0.25284891154184325,0.17810620067437505,323,0,0,0.0,0.014139944274637621,0.10751717112298675,0.09337722684834913
C000840,36,78193.8452648246,18,5,114.52662323040526,7,0.33443567832181087,0.057196690310922164,133,0,0,0.0,0.040763578529148824,0.15452496226374823,0.1137613837345994
C000201,23,46158.6524653597,15,5,121.18692924301209,8,0.32245607873939963,0.5595887986954371,151,1,0,0.0,0.03357702082941081,0.1814203879328505,0.1478433671034397
C000135,57,63373.25706020415,39,1,81.52131419459744,4,0.4809719790466281,0.6918128478104626,305,1,0,0.0,0.014962830457859113,0.20033171756596763,0.1853688871081085
C000028,39,39601.59930823783,7,1,73.08235217505651,6,0.18712108634560673,0.4592911132553712,241,0,0,0.0,0.016173584379122325,0.1770735757067869,0.16089999132766455
C000948,23,52244.67189154067,29,3,131.8086592266195,9,0.18773131659903788,0.06438953144329708,278,1,0,0.0,0.015714202776803507,0.07469768936098943,0.058983486584185923
C000231,45,45690.25418525441,53,3,75.30111792226872,10,0.6817790002015405,0.4230536969531673,296,1,0,0.0,0.01786056468428743,0.19540081409530186,0.17754024941101443
C000490,29,42683.76911135838,21,1,84.25561498953131,6,0.2153458874146156,0.16052137628731933,236,1,1,71.18838529741174,0.01705737800107879,0.1324691902736404,0.11541181227256161
C000773,53,110850.12441771364,37,5,139.45282030323412,15,0.3284268559181334,0.3100608153193128,157,0,0,0.0,0.038733182242591424,0.15961744032758696,0.12088425808499553
C000379,63,,9,1,72.4538988144702,3,0.11498299852128722,0.28849772182331707,188,0,0,0.0,0.022406301915088994,0.0,-0.022406301915088994
C000289,24,85474.70890892761,22,1,98.79241304737515,2,0.11248182010510735,0.17328178934685315,245,0,0,0.0,0.017783868673349173,0.10767049949965858,0.0898866308263094
C000419,60,72145.23331076601,19,3,112.08833720510809,9,0.11633387282666924,0.6556792753910046,131,1,0,0.0,0.033133953422317536,0.1799126067576328,0.14677865333531526
C000675,29,42532.53828178017,6,0,80.4426989384309,0,0.3549688649305626,0.17186593658512392,294,0,0,0.0,0.013062434171796332,0.110449147924925,0.09738671375312866
C000392,38,41632.43463706177,34,5,72.82104576046902,8,0.14249562703463117,0.1728958618236495,231,1,0,0.0,0.02042456552007223,0.12612381520273727,0.10569924968266504
C000593,58,98738.79924151173,16,1,61.93924069470481,3,0.34763893680032965,0.4166790091125903,270,0,0,0.0,0.01816209429181685,0.2086973364127412,0.19053524212092438
C000499,62,88876.2223439737,12,2,110.78947473646348,7,0.27124114005604766,0.07607995193682712,176,1,0,0.0,0.02848898452401768,0.0,-0.02848898452401768
C000139,18,40411.21455733212,24,1,117.65906379388818,0,0.4118994191458992,0.2504333126085497,291,0,0,0.0,0.014180109545438786,0.16500758656020686,0.1508274770147681
C000063,52,20000.0,45,5,166.25257273464115,9,0.38600743325576536,0.0003002035651804152,16,1,0,0.0,0.0562394277940138,0.20482916748875019,0.14858973969473638
C000472,64,123498.234974164,56,6,58.43771824545612,14,0.18964647567416645,0.08563771408307165,155,0,0,0.0,0.039190718300400974,0.0,-0.039190718300400974
C000648,69,70719.81252467219,55,9,103.64737001618147,21,0.05132841428940284,0.5501234011898006,31,0,1,112.73328096805699,0.06849790741025251,0.042602014443227504,-0.025895892967025005
C000129,65,83223.30280472412,5,3,78.92026764650048,11,0.3733823214278496,0.11677558536267633,285,0,0,0.0,0.018227861603400633,0.0,-0.018227861603400633
C000997,64,38497.69900181518,51,7,34.06259663277967,14,0.17540766417557763,0.0331525935620461,63,0,0,0.0,0.0507104877710166,0.0,-0.0507104877710166
C000521,69,,53,5,93.51686886450042,9,0.4123718589604246,0.11382386668858294,241,0,0,0.0,0.023977102782735103,0.0,-0.023977102782735103
C000839,27,61723.795722395815,43,7,142.1713915304748,10,0.39822847964425256,0.011462865097258398,294,1,0,0.0,0.020257663349586955,0.15963740886774666,0.1393797455181597
C000983,40,44884.065239709824,44,4,40.48009950559137,11,0.3096400210783673,0.02604563746158325,321,1,0,0.0,0.013764966078088471,0.09239927274767162,0.07863430666958315
C000065,34,80068.3484714197,30,2,59.79829328917572,6,0.20958474516443662,0.22419346680466962,98,1,0,0.0,0.0395044470428021,0.13143897655114584,0.09193452950834374
C000813,38,62505.79306555579,16,1,121.90851457920893,1,0.12657295163810364,0.10713588617257894,151,0,0,0.0,0.026673052051640993,0.10870272117120272,0.08202966911956172
C000015,57,35720.38324374243,54,6,132.65844103958057,15,0.21373668167275522,0.4420283942719379,58,0,0,0.0,0.049717989551119106,0.17235122612863646,0.12263323657751735
C000157,68,31480.367965649195,42,6,129.87680246767735,8,0.2587872743307289,0.6598509126905681,267,1,1,141.55070925468885,0.018019124952441613,0.02875102220773819,0.010731897255296576
C000041,20,43078.87263101084,24,2,162.63981047530282,6,0.0752950432395061,0.012847822157306336,293,0,0,0.0,0.012652708468205898,0.06835252971447664,0.05569982124627074
C000493,64,48002.488130412545,53,8,73.6315899025644,25,0.23767905735133146,0.05673104131969268,299,1,0,0.0,0.01826536313154883,0.0,-0.01826536313154883
C000380,23,28119.759231433054,12,1,119.22882397609288,1,0.28107514744198303,0.14140037493737204,162,1,0,0.0,0.023326268307525252,0.12547502463024524,0.10214875632271998
C000188,47,103554.49420291124,4,3,80.2836487536673,9,0.08959930245498351,0.29047705515725486,99,1,0,0.0,0.04091098225757818,0.1408923111984817,0.09998132894090352
C000764,49,32536.886951129312,20,3,52.33935608867231,7,0.3403225083242689,0.43346707989001926,10,1,0,0.0,0.056478002079488256,0.22646633296524496,0.1699883308857567
C000217,66,95236.0047855039,23,5,77.14373113084724,15,0.31648316285808853,0.04930171992958175,198,1,0,0.0,0.030682748363430445,0.0,-0.030682748363430445
C000792,63,51220.52534591624,51,8,71.00862718623793,9,0.08787643980382163,0.28682014917017296,162,1,0,0.0,0.03352907269445564,0.0,-0.03352907269445564
C000053,26,43311.86033847559,45,5,62.900110999448046,13,0.46720365100553374,0.3390538655648873,295,1,0,0.0,0.01763430518418338,0.18605100220301943,0.16841669701883605
C000879,28,59542.45798387122,56,6,108.70782416210648,10,0.4909338924078649,0.02463688007005872,268,0,0,0.0,0.022762845706474223,0.14666773172710096,0.12390488602062674
C000338,31,102215.64515427155,8,0,86.61003763698446,0,0.10374920674766097,0.0946497368594858,129,1,0,0.0,0.030765488210203914,0.10369901976605626,0.07293353155585235
C000749,37,45403.93020616409,39,6,119.76806064561052,12,0.10345526347801395,0.2798106053882298,273,1,0,0.0,0.01742009514320692,0.13131547277470076,0.11389537763149385
C000720,67,48406.872219985686,21,6,51.3260400732232,13,0.11799248017746239,0.29321493215373384,79,1,0,0.0,0.04554324582137469,0.0,-0.04554324582137469
C000725,58,42239.200781172134,41,5,145.4414383748321,6,0.28334732806336793,0.3797831640833372,343,0,0,0.0,0.012653824726256242,0.14975770169589575,0.13710387696963952
C000296,18,53015.548817756855,52,6,130.67538381088048,9,0.17696096402420974,0.7379273610427511,130,1,0,0.0,0.03733382062405336,0.20135835953944153,0.16402453891538818
C000702,24,27360.33290909797,20,4,99.76056386944886,3,0.40949952698254977,0.01855270162375164,245,1,0,0.0,0.019061559590773738,0.10603068319294211,0.08696912360216837
C000252,23,25611.78917432267,46,5,81.5278762537238,7,0.04189434093907008,0.48957803155703067,223,1,0,0.0,0.018381700959387026,0.140053126809224,0.12167142584983696
C000727,18,29756.331304944822,13,3,106.98581835893727,14,0.13255791157255203,0.44641375184862137,251,0,0,0.0,0.015634500004209576,0.15045597006334238,0.1348214700591328
C000462,61,57097.28859496026,15,2,135.47783077209667,9,0.057888270233414404,0.10191403508876876,14,0,0,0.0,0.05144096736371049,0.0,-0.05144096736371049
C000456,23,85500.5480506913,22,6,82.72666735227878,11,0.2467952243185982,0.3353599239276239,280,0,0,0.0,0.020446153613957824,0.16761709602414696,0.14717094241018913
C000281,45,200000.0,32,5,139.46895586564733,11,0.3111529982655576,0.13065301078337008,230,0,0,0.0,0.03026107570332265,0.14442873690458674,0.11416766120126409
C000816,39,51894.21347031804,2,0,89.71868135560307,1,0.34718999136689055,0.13424614088989015,73,1,0,0.0,0.039773507079739104,0.1428955442782041,0.10312203719846501
C000863,67,96459.34555024504,32,6,112.37995069545465,11,0.3382890881139547,0.107086144589667,332,0,0,0.0,0.01696594388008994,0.0,-0.01696594388008994
C000270,49,30523.664237436064,22,3,42.33057683638103,6,0.09685515272092558,0.20460676729013688,324,1,1,35.70414289810075,0.010768783366664845,0.09044202838892518,0.07967324502226034
C000202,25,76633.31032303159,48,6,106.83973491127183,16,0.5466364937789087,0.1914552202867901,269,0,1,117.97573242313692,0.024452175724054524,0.12662926859388957,0.10217709286983503
C000162,49,28297.48936406429,35,5,114.41556034324674,10,0.3772388295259249,0.629046403188057,212,0,1,117.95532919388349,0.023311281377634073,0.19505751605799806,0.17174623468036398
C000556,37,28851.359708395627,19,6,88.88702195768681,13,0.19256290178277605,0.36756946674558555,61,0,0,0.0,0.04658855105677585,0.14390460603106167,0.09731605497428583
C000730,45,42431.54041134507,19,5,77.59216919883414,8,0.34016709952032553,0.027609650073026445,350,1,0,0.0,0.012583038359225676,0.14457660246322843,0.13199356410400276
C000402,57,,25,4,108.56667668621192,7,0.4937252602845246,0.11835138837709414,80,1,0,0.0,0.05666541489995832,0.1510532255522866,0.09438781065232826
C000703,42,36581.05538386103,33,7,129.0712165490605,12,0.11921532150939099,0.05175693104216302,57,0,0,0.0,0.05031195464730271,0.10847652304503291,0.0581645683977302
C000477,30,79776.43837008947,9,2,137.71308341965585,3,0.09138021648538419,0.3505819144505234,113,0,0,0.0,0.034694319358637996,0.16579452059809996,0.13110020123946198
C000822,58,41119.069108376134,1,1,130.02798037587004,2,0.01488679017828284,0.08579270241689844,304,0,0,0.0,0.01096884545069768,0.05058133017356818,0.0396124847228705
C000772,45,72339.68319648446,18,3,107.40427954542558,7,0.45749640699513533,0.4697960820907624,86,0,0,0.0,0.04845821003289352,0.23014409693891558,0.18168588690602205
C000106,41,39229.23962280236,49,4,82.61938501487023,11,0.36174154381948964,0.1050105356244815,249,0,0,0.0,0.019595806231788682,0.1479763975950056,0.12838059136321692
C000566,29,27279.854072978946,30,2,68.96384107455138,6,0.06567946742755973,0.21327782437361906,325,1,0,0.0,0.009821268537925944,0.1175475432304276,0.10772627469250165
C000390,50,40253.45907618177,30,2,129.63205303075927,7,0.5407180254232531,0.49372240468845335,204,0,0,0.0,0.024292234244669864,0.1867526349233457,0.16246040067867584
C000002,69,66425.19186954292,58,10,79.75364510709647,22,0.12450174044952471,0.1399113771892595,107,0,0,0.0,0.05137126893369698,0.0,-0.05137126893369698
C000991,24,56111.23045656948,35,5,81.90557298958917,7,0.6212837193762979,0.0012012233804411152,343,1,0,0.0,0.015808144898653995,0.13067646761689522,0.11486832271824123
C000741,38,82370.96453651864,8,1,52.61117642334472,3,0.37724232445432176,0.21671944724110276,362,0,0,0.0,0.011300574102046006,0.10380152245802364,0.09250094835597764
C000562,50,58855.79664355932,53,7,129.80003504823304,12,0.25955705371908616,0.4507420149551468,211,1,0,0.0,0.02812391557484736,0.15014758666685746,0.1220236710920101
C000932,20,177123.2352525124,15,3,97.35245611806138,7,0.09782803860234104,0.4410265982280354,243,0,0,0.0,0.022684637908685006,0.1326434535412618,0.1099588156325768
C000081,31,92749.92695480367,33,7,113.59490812181727,20,0.11460124481231132,0.2407075755925637,178,0,0,0.0,0.033597699967774196,0.12623288863637008,0.09263518866859588
C000206,50,49746.203963254804,26,5,78.06026179154173,15,0.1856516841240005,0.6627138291872167,222,1,0,0.0,0.02257249650913475,0.1936597774562429,0.17108728094710815
C000035,33,77076.86387038585,16,4,186.75108969870303,6,0.3936368653823533,0.37947680684523977,152,1,0,0.0,0.03638183405127202,0.17282945252000398,0.13644761846873196
C000776,67,73984.38570144238,28,3,97.45868701411439,4,0.5405222604526375,0.09420499177246104,43,1,1,89.34863461947552,0.06201412797246494,0.05475940865921642,-0.007254719313248517
C000509,33,66588.77143071762,6,1,128.98122394172088,0,0.2068221327040392,0.6062825864904225,297,0,0,0.0,0.013730820496297813,0.1760341794429644,0.1623033589466666
C000428,41,176968.53065812163,21,4,133.69117892894397,7,0.2709303828858235,0.0012838118893518718,84,0,0,0.0,0.05563264728961588,0.1489845782163576,0.09335193092674172
C000455,59,36007.5325351558,48,8,147.20798917697755,19,0.32291530316227696,0.8054467938501276,277,0,0,0.0,0.020051396576791905,0.19007923596532467,0.17002783938853278
C000367,50,43618.20329967145,37,5,76.76615068227069,7,0.4712585020636077,0.38949131909404056,187,1,0,0.0,0.02998307581350188,0.19941302562518354,0.16942994981168166
C000092,35,53774.22686430776,14,3,122.61206911535345,10,0.6805664786053072,0.07820114733895063,75,1,0,0.0,0.05364840113039124,0.1513225530305088,0.09767415190011755
C000340,65,121391.18712779939,9,4,114.86139445985461,10,0.20488551337697217,0.13369674741156926,1,1,0,0.0,0.07411320953342358,0.029277023490566906,-0.04483618604285668
C000898,47,149507.92762182577,5,2,121.42709448081784,7,0.37924047248080256,0.07116851768808669,160,0,0,0.0,0.03587035855144941,0.14411047939713567,0.10824012084568627
C000565,54,83138.34283713874,17,2,65.92747456425118,6,0.18835745920112393,0.2058141880387322,188,1,0,0.0,0.0254781759996933,0.1306419178513351,0.10516374185164182
C000346,50,46196.98557411503,18,0,74.79819893374582,0,0.20880973301413655,0.05184638255066005,105,1,0,0.0,0.031176530748887765,0.10762646335091956,0.0764499326020318
C000777,45,42175.4641768451,40,4,104.73205622835043,11,0.4364052938216747,0.260282783933323,158,0,0,0.0,0.03211362739250552,0.18731518097735256,0.15520155358484705
C000242,23,87005.95888442357,28,6,134.78788868126492,9,0.311114999451365,0.3340387348394367,35,1,0,0.0,0.06858367791349461,0.18799985461398547,0.11941617670049086
C000014,53,78555.04459292651,21,5,68.79501084336133,4,0.3455833327072963,0.22574166342885504,342,1,0,0.0,0.014819908423950546,0.145098507397511,0.13027859897356048
C000316,25,84360.13120502772,6,3,13.470268984653956,10,0.07055554285211406,0.5630533431687699,149,1,1,23.187532082258983,0.030616896979577566,0.19233786974391107,0.1617209727643335
C000601,42,51086.84545699262,46,8,139.16207278795497,18,0.5699067624707856,0.08543097566868255,231,0,0,0.0,0.030302739109444924,0.15751810192338772,0.1272153628139428
C000388,48,163931.20065507854,53,3,93.13604476556964,12,0.23608492224276015,0.05316318286864329,81,0,0,0.0,0.05217963191354896,0.12627459260814333,0.07409496069459437
C000274,50,200000.0,40,7,71.83137556093396,21,0.1511133286095958,0.08176121225331595,139,1,0,0.0,0.04778020451710987,0.14212206361015897,0.0943418590930491
C000167,56,53456.98421438408,10,2,122.85016558885005,8,0.2489944177379872,0.49946881019253975,335,0,0,0.0,0.011691510181271122,0.1529755440654823,0.14128403388421118
C000841,34,57921.87809311484,36,7,88.55786408585757,22,0.3599329672916148,0.3807635044092077,338,1,0,0.0,0.01581867292250991,0.14030333830992053,0.12448466538741063
C000637,66,66346.70413243295,29,6,122.18228465849387,19,0.294638826074273,0.33980291795171,167,0,0,0.0,0.03451933843299684,0.03173861564099257,-0.002780722792004274
C000647,48,58106.3753761985,4,1,95.80603242967751,0,0.6988139557833642,0.7257612418672568,318,1,0,0.0,0.015359498176370381,0.24336072286151988,0.2280012246851495
C000819,30,,12,2,75.08463105167377,9,0.2671192246547806,0.442275037594859,358,1,0,0.0,0.010082851699839128,0.15181559008562548,0.14173273838578634
C000485,43,42783.32445765051,58,8,70.8884805474624,20,0.15679805658998064,0.006672119872448331,32,1,0,0.0,0.06222367594501618,0.1571352336947302,0.09491155774971402
C000522,22,43418.08994928321,8,2,69.50426913452193,8,0.22973119936701492,0.20864399595584515,341,0,0,0.0,0.01078917921983831,0.15808217937843194,0.14729300015859365
C000505,46,127236.01060817648,15,4,101.34454591300504,9,0.14527833881405108,0.10782427678368602,146,0,0,0.0,0.03659519658773691,0.09160928382051145,0.05501408723277454
C000832,22,79300.91883517144,23,4,53.18505526376929,11,0.6766152292786836,0.32957147347526927,155,1,0,0.0,0.04131063858957445,0.22182532642877184,0.18051468783919739
C000244,21,54726.76494456094,43,6,95.62187691660095,12,0.4449105276983858,0.0007371425003868223,153,1,0,0.0,0.038254864373738796,0.13842566430758363,0.10017079993384484
C000567,20,125538.78279462439,9,1,118.39522005674704,3,0.18848875648287744,0.5399056868949016,255,0,0,0.0,0.018953387924925524,0.14313698274734274,0.12418359482241721
C000876,38,72984.46168950095,7,3,112.20720177569896,9,0.5796182897964359,0.43577683624219343,225,1,1,85.30444546216361,0.026350961539459053,0.21265535227846316,0.18630439073900412
C000563,68,55038.38837680358,36,3,185.83409702901054,4,0.30475523313673375,0.07839748228732164,29,0,0,0.0,0.05607160361268128,0.011574410246400622,-0.044497193366280656
C000973,25,79606.78954767139,34,2,125.50559661545128,7,0.6674308920608222,0.03506206039958917,329,1,1,121.51563517322832,0.016012094261048833,0.16661794739944502,0.1506058531383962
C000687,67,80779.37984781587,40,7,38.97253421467231,16,0.1697719340033571,0.11056563849390116,356,0,0,0.0,0.014075080837330427,0.0,-0.014075080837330427
C000958,43,86641.89332598931,4,1,90.77329794456213,4,0.5140219512416863,0.16247160518591594,51,1,1,96.8785818866554,0.05530300784392839,0.1910611134576177,0.1357581056136893
C000190,45,21277.48445996326,33,5,97.16745213591857,14,0.37048450409825406,0.6883088587357726,114,0,0,0.0,0.0353784674288872,0.19601498582552024,0.16063651839663304
C000783,34,65302.1508840641,51,7,114.30440785073814,17,0.43139255520698594,0.0909788538222985,205,1,0,0.0,0.032111479630817896,0.13679753316677884,0.10468605353596094
C000700,69,120342.9646848864,8,2,119.55651843810904,3,0.33222314421363647,0.010762691785491746,320,1,0,0.0,0.015394604021203557,0.0,-0.015394604021203557
C000476,33,75393.50809708603,6,0,59.88774676336485,2,0.5793390663523696,0.32929282636313145,273,0,0,0.0,0.018106873834809446,0.1620717205941814,0.14396484675937196
C000682,63,26354.66208985982,57,9,14.411694892010402,21,0.014014560747260074,0.138719997103912,358,1,0,0.0,0.011418138304035218,0.0,-0.011418138304035218
C000511,54,53024.595447892025,27,1,114.80548105608635,2,0.3558290497589771,0.3957961199852501,69,1,1,112.06304597132188,0.042887566875900986,0.19173246140793443,0.14884489453203345
C000059,24,,31,5,107.70872314551833,12,0.33435630056679994,0.22150843116862512,184,0,0,0.0,0.032837723733931456,0.18371578934819152,0.15087806561426007
C000475,69,71215.26812671768,39,4,92.30792333403112,8,0.2063622882531806,0.1434106833619597,100,1,0,0.0,0.04204412683264834,0.0,-0.04204412683264834
C000561,50,102892.52315610959,38,4,37.86460352258601,6,0.5289338440089253,0.1279004491184789,5,1,0,0.0,0.08194562650801356,0.2254179119114701,0.14347228540345652
C000857,48,49415.10530957203,15,2,106.13548008433678,10,0.3641565329071161,0.21812662717442816,135,1,0,0.0,0.03244345612087744,0.14113549976323833,0.10869204364236089
C000748,36,181200.84609886765,26,3,154.30982772168088,6,0.05911505215981571,0.38765505721813065,330,1,0,0.0,0.014587061221777609,0.16310101923489334,0.14851395801311573
C000253,39,100375.92431928733,6,2,78.47823509021705,6,0.3009582698148015,0.026156237382518207,349,0,0,0.0,0.012677837645796868,0.11121965066166224,0.09854181301586537
C000022,47,79505.736840094,4,3,68.12477273469098,5,0.2462402237535037,0.03304462206793405,240,0,0,0.0,0.021162836460276148,0.0989157587048114,0.07775292224453526
C000314,28,,52,5,100.50475198863433,9,0.7261454232717038,0.7230384526217614,197,0,0,0.0,0.03804684129344819,0.26133292860994756,0.22328608731649938
C000460,50,92811.74797725012,11,1,57.244667064978835,3,0.2702087492135203,0.011162056630705759,134,1,0,0.0,0.03353078152658243,0.11878615930220843,0.085255377775626
C000161,69,52696.49193009585,7,3,146.14991317157657,2,0.12819273540792017,0.0753773040118664,66,1,0,0.0,0.04288512235409146,0.0,-0.04288512235409146
C000277,35,,10,1,105.84721615787127,4,0.19739152418536574,0.029059427913374913,127,1,0,0.0,0.028314017070397435,0.073834760666947,0.04552074359654956
C000956,66,134023.7938499187,48,3,125.09560468116946,5,0.18586875242054343,0.4494154666407666,47,0,0,0.0,0.05760219794716554,0.04127704792030713,-0.016325150026858408
C000192,56,49830.34467185842,7,2,123.16943753322118,3,0.06079606328947918,0.09100326096702148,271,1,0,0.0,0.01441051545527462,0.08481164286564061,0.07040112741036599
C000386,66,70921.45217346864,45,3,119.9506740833192,8,0.10842924401013201,0.6131294761959963,227,0,0,0.0,0.02061561519602888,0.019656124004315198,-0.0009594911917136829
C000806,50,77349.97282380139,6,2,92.33648705855452,9,0.25327257397047914,0.23742579458997534,137,0,0,0.0,0.03321096325916571,0.10639484510026297,0.07318388184109725
C000414,43,82988.28937850114,9,1,146.3719942646055,3,0.6980770588090702,0.3589156890172,289,0,0,0.0,0.018990818925574287,0.1949968674928568,0.17600604856728252
C000492,18,43294.80160852661,57,6,107.81415247212642,18,0.15530722964079535,0.14919278663962382,201,1,0,0.0,0.025181432007293898,0.14374733561378542,0.11856590360649152
C000344,20,124093.68453428835,46,5,142.1911121504948,11,0.11164009723590176,0.1691633894670434,189,1,0,0.0,0.03054961565010739,0.10846613400324022,0.07791651835313283
C000770,45,91022.7106558349,33,6,97.18376335079923,8,0.2557265209706381,0.1589242593100319,324,0,0,0.0,0.016752398465492306,0.09321043690010594,0.07645803843461363
C000309,37,74377.51450674825,3,1,51.84348952912169,4,0.24192905518635732,0.03383719984051228,319,0,0,0.0,0.012810342308858311,0.09317195022182487,0.08036160791296655
C000662,62,63888.079134090076,27,3,106.61102646514011,5,0.14822583187083999,0.5458059529479846,111,0,0,0.0,0.03619858902343411,0.025954577314913928,-0.010244011708520184
C000131,41,69015.3452902568,6,1,78.28588766944989,5,0.27594364161481266,0.49616038143129654,197,0,0,0.0,0.023372002105026872,0.19426075984425678,0.1708887577392299
C000664,56,60469.19646351367,41,1,98.9600329078718,1,0.43165481779495135,0.006515340744989186,250,0,0,0.0,0.01896244354903106,0.12803155689145712,0.10906911334242606
C000872,64,87700.02131068929,34,4,113.39347596450192,8,0.3031902379446393,0.21419241864564792,326,0,0,0.0,0.0152768029348291,0.0,-0.0152768029348291
C000100,32,48749.77613212142,52,5,116.78011973583016,17,0.2186066980249506,0.4754622287134165,144,1,0,0.0,0.033382820176924094,0.14596020571156498,0.11257738553464089
C000373,66,122070.24847804937,30,3,68.81098171525662,6,0.3823564101966043,0.06037774725964808,213,0,0,0.0,0.028050236430019877,0.0,-0.028050236430019877
C000088,57,50329.320520051944,27,7,152.86382989237273,19,0.34217454030419464,0.40589173017930863,68,1,0,0.0,0.056380494250132,0.18539634937845942,0.12901585512832742
C000459,54,31632.73059560896,44,5,118.72863869946525,11,0.07298493511274294,0.2473685229341117,359,1,0,0.0,0.009951076129162906,0.12923368657987644,0.11928261045071353
C000331,52,123696.81167365465,8,2,123.74962618280577,5,0.4278252817489891,0.14237708311745617,1,0,0,0.0,0.07516530495075348,0.17642033562687204,0.10125503067611856
C000215,58,70626.89869930378,5,4,71.38332734760063,5,0.3599701861480606,0.3497968447125909,109,0,0,0.0,0.04327514902488049,0.20047798068502853,0.15720283166014803
C000467,23,58647.88740316574,16,0,109.43352466871971,2,0.3230085454059126,0.1979279373512388,268,0,0,0.0,0.015571943503372052,0.14684101366774335,0.1312690701643713
C000122,45,118174.63542422038,5,1,129.03836539422818,5,0.47453136839712035,0.2221712725818148,25,1,1,138.31655995538875,0.06502753898321015,0.2233735111386454,0.15834597215543525
C000615,56,62406.04572995383,4,0,115.03513793466004,0,0.22360399035779838,0.13648589371612999,142,0,0,0.0,0.027817717717582045,0.11229453043459375,0.08447681271701171
C000021,61,29816.465524884414,46,7,104.89199031656733,18,0.20621223501165076,0.014822259559574487,342,1,0,0.0,0.01261359410559658,0.0,-0.01261359410559658
C000701,34,94964.47413837696,43,3,113.41756466476753,9,0.14987297858101592,0.21334531211670374,66,1,0,0.0,0.04848654278280554,0.13626516903518643,0.08777862625238089
C000072,59,68139.35755457047,49,4,109.78133129097577,10,0.5590344165891759,0.01754355942451798,239,1,0,0.0,0.025244548330833765,0.148944419426525,0.12369987109569124
C000107,18,90877.50224490814,30,5,42.77164579129602,13,0.5633423451694832,0.4146818809690824,156,1,0,0.0,0.041933549272973346,0.21309230985885272,0.17115876058587937
C000271,24,36833.50657725172,12,2,59.70624197066377,8,0.2571683555402649,0.2980386041008572,33,1,0,0.0,0.04753718426719016,0.20176886382806203,0.15423167956087186
C000861,51,74650.23314053121,11,4,97.24313123752935,6,0.28049342301991426,0.1357054953244211,201,0,0,0.0,0.026998740492397047,0.13171009962846347,0.10471135913606643
C000436,63,65867.76185102269,26,5,127.89220674433471,12,0.2924322299344274,0.3730396628918305,24,1,0,0.0,0.06484826389808715,0.05712707497872458,-0.007721188919362569
C000103,42,65711.74586177235,3,1,80.06688453683958,3,0.3731795642597049,0.25679266040767723,103,1,0,0.0,0.03828134377245768,0.16344870305304166,0.12516735928058398
